date,pre_close,close
2010-01-04,2.559,2.512
2010-01-05,2.512,2.544
2010-01-06,2.544,2.512
2010-01-07,2.512,2.462
2010-01-08,2.462,2.462
2010-01-11,2.462,2.473
2010-01-12,2.473,2.505
2010-01-13,2.505,2.394
2010-01-14,2.394,2.416
2010-01-15,2.416,2.422
2010-01-18,2.422,2.415
2010-01-19,2.415,2.431
2010-01-20,2.431,2.356
2010-01-21,2.356,2.376
2010-01-22,2.376,2.377
2010-01-25,2.377,2.355
2010-01-26,2.355,2.309
2010-01-27,2.309,2.262
2010-01-28,2.262,2.25
2010-01-29,2.25,2.244
2010-02-01,2.244,2.208
2010-02-02,2.208,2.216
2010-02-03,2.216,2.282
2010-02-04,2.282,2.265
2010-02-05,2.265,2.219
2010-02-08,2.219,2.212
2010-02-09,2.212,2.228
2010-02-10,2.228,2.263
2010-02-11,2.263,2.268
2010-02-12,2.268,2.287
2010-02-22,2.287,2.271
2010-02-23,2.271,2.23
2010-02-24,2.23,2.252
2010-02-25,2.252,2.287
2010-02-26,2.287,2.28
2010-03-01,2.28,2.318
2010-03-02,2.318,2.311
2010-03-03,2.311,2.321
2010-03-04,2.321,2.269
2010-03-05,2.269,2.273
2010-03-08,2.273,2.29
2010-03-09,2.29,2.306
2010-03-10,2.306,2.296
2010-03-11,2.296,2.304
2010-03-12,2.304,2.278
2010-03-15,2.278,2.239
2010-03-16,2.239,2.259
2010-03-17,2.259,2.306
2010-03-18,2.306,2.294
2010-03-19,2.294,2.314
2010-03-22,2.314,2.315
2010-03-23,2.315,2.289
2010-03-24,2.289,2.291
2010-03-25,2.291,2.257
2010-03-26,2.257,2.296
2010-03-29,2.296,2.366
2010-03-30,2.366,2.37
2010-03-31,2.37,2.35
2010-04-01,2.35,2.373
2010-04-02,2.373,2.375
2010-04-06,2.375,2.374
2010-04-07,2.374,2.359
2010-04-08,2.359,2.321
2010-04-09,2.321,2.342
2010-04-12,2.342,2.314
2010-04-13,2.314,2.362
2010-04-14,2.362,2.371
2010-04-15,2.371,2.365
2010-04-16,2.365,2.33
2010-04-19,2.33,2.21
2010-04-20,2.21,2.202
2010-04-21,2.202,2.233
2010-04-22,2.233,2.182
2010-04-23,2.182,2.168
2010-04-26,2.168,2.15
2010-04-27,2.15,2.111
2010-04-28,2.111,2.105
2010-04-29,2.105,2.098
2010-04-30,2.098,2.131
2010-05-04,2.131,2.102
2010-05-05,2.102,2.107
2010-05-06,2.107,2.009
2010-05-07,2.009,1.986
2010-05-10,1.986,2.013
2010-05-11,2.013,1.974
2010-05-12,1.974,2.009
2010-05-13,2.009,2.047
2010-05-14,2.047,2.026
2010-05-17,2.026,1.935
2010-05-18,1.9350000000000003,1.977
2010-05-19,1.9770000000000003,1.966
2010-05-20,1.9660000000000002,1.932
2010-05-21,1.932,1.952
2010-05-24,1.9520000000000002,2.016
2010-05-25,2.016,1.963
2010-05-26,1.9630000000000003,1.964
2010-05-27,1.9639999999999997,1.994
2010-05-28,1.9940000000000002,1.983
2010-05-31,1.983,1.94
2010-06-01,1.94,1.921
2010-06-02,1.921,1.918
2010-06-03,1.918,1.907
2010-06-04,1.907,1.906
2010-06-07,1.9059999999999997,1.867
2010-06-08,1.867,1.859
2010-06-09,1.8589999999999998,1.921
2010-06-10,1.921,1.89
2010-06-11,1.8899999999999997,1.897
2010-06-17,1.897,1.896
2010-06-18,1.8960000000000001,1.88
2010-06-21,1.8800000000000001,1.948
2010-06-22,1.9479999999999997,1.945
2010-06-23,1.9449999999999998,1.926
2010-06-24,1.926,1.937
2010-06-25,1.937,1.931
2010-06-28,1.9309999999999998,1.932
2010-06-29,1.932,1.853
2010-06-30,1.853,1.835
2010-07-01,1.8350000000000002,1.823
2010-07-02,1.823,1.837
2010-07-05,1.837,1.819
2010-07-06,1.819,1.849
2010-07-07,1.8490000000000002,1.85
2010-07-08,1.85,1.855
2010-07-09,1.855,1.897
2010-07-12,1.897,1.908
2010-07-13,1.9080000000000001,1.879
2010-07-14,1.879,1.891
2010-07-15,1.8910000000000002,1.861
2010-07-16,1.8610000000000002,1.858
2010-07-19,1.8580000000000003,1.902
2010-07-20,1.902,1.936
2010-07-21,1.9360000000000002,1.936
2010-07-22,1.9360000000000002,1.959
2010-07-23,1.9589999999999999,1.971
2010-07-26,1.971,1.974
2010-07-27,1.974,1.962
2010-07-28,1.9619999999999997,2.018
2010-07-29,2.018,2.021
2010-07-30,2.021,2.016
2010-08-02,2.016,2.049
2010-08-03,2.049,2.005
2010-08-04,2.005,2.012
2010-08-05,2.012,1.983
2010-08-06,1.983,2.014
2010-08-09,2.014,2.016
2010-08-10,2.016,1.966
2010-08-11,1.9660000000000002,1.968
2010-08-12,1.968,1.945
2010-08-13,1.9449999999999998,1.961
2010-08-16,1.9610000000000003,2.004
2010-08-17,2.004,2.014
2010-08-18,2.014,2.005
2010-08-19,2.005,2.026
2010-08-20,2.026,1.998
2010-08-23,1.998,1.993
2010-08-24,1.993,1.99
2010-08-25,1.9899999999999998,1.949
2010-08-26,1.9490000000000003,1.944
2010-08-27,1.944,1.948
2010-08-30,1.9479999999999997,1.974
2010-08-31,1.974,1.955
2010-09-01,1.955,1.948
2010-09-02,1.9479999999999997,1.967
2010-09-03,1.967,1.959
2010-09-06,1.9589999999999999,2.01
2010-09-07,2.01,2.004
2010-09-08,2.004,1.988
2010-09-09,1.988,1.951
2010-09-10,1.951,1.947
2010-09-13,1.9470000000000003,1.956
2010-09-14,1.956,1.956
2010-09-15,1.956,1.923
2010-09-16,1.923,1.893
2010-09-17,1.893,1.891
2010-09-20,1.8910000000000002,1.897
2010-09-21,1.897,1.898
2010-09-27,1.898,1.914
2010-09-28,1.914,1.897
2010-09-29,1.897,1.903
2010-09-30,1.9029999999999998,1.948
2010-10-08,1.9479999999999997,2.026
2010-10-11,2.026,2.101
2010-10-12,2.101,2.126
2010-10-13,2.126,2.16
2010-10-14,2.16,2.189
2010-10-15,2.189,2.278
2010-10-18,2.278,2.264
2010-10-19,2.264,2.307
2010-10-20,2.307,2.306
2010-10-21,2.306,2.268
2010-10-22,2.268,2.256
2010-10-25,2.256,2.324
2010-10-26,2.324,2.294
2010-10-27,2.294,2.246
2010-10-28,2.246,2.247
2010-10-29,2.247,2.214
2010-11-01,2.214,2.268
2010-11-02,2.268,2.256
2010-11-03,2.256,2.251
2010-11-04,2.251,2.279
2010-11-05,2.279,2.303
2010-11-08,2.303,2.311
2010-11-09,2.311,2.278
2010-11-10,2.278,2.244
2010-11-11,2.244,2.273
2010-11-12,2.273,2.15
2010-11-15,2.15,2.141
2010-11-16,2.115000446424545,2.02
2010-11-17,2.02,2.001
2010-11-18,2.001,2.024
2010-11-19,2.024,2.027
2010-11-22,2.027,2.005
2010-11-23,2.005,1.964
2010-11-24,1.9640000000000002,2.005
2010-11-25,2.005,2.035
2010-11-26,2.035,2.013
2010-11-29,2.013,2.007
2010-11-30,2.007,1.977
2010-12-01,1.9769999999999999,1.978
2010-12-02,1.9779999999999998,1.993
2010-12-03,1.993,2.001
2010-12-06,2.001,2.027
2010-12-07,2.027,2.038
2010-12-08,2.038,2.013
2010-12-09,2.013,1.992
2010-12-10,1.992,2.015
2010-12-13,2.015,2.07
2010-12-14,2.07,2.063
2010-12-15,2.063,2.05
2010-12-16,2.05,2.031
2010-12-17,2.031,2.027
2010-12-20,2.027,1.993
2010-12-21,1.993,2.044
2010-12-22,2.044,2.015
2010-12-23,2.015,2.012
2010-12-24,2.012,2.007
2010-12-27,2.007,1.972
2010-12-28,1.9719999999999998,1.948
2010-12-29,1.948,1.948
2010-12-30,1.948,1.937
2010-12-31,1.9370000000000003,1.968
2011-01-04,1.968,2.009
2011-01-05,2.009,1.993
2011-01-06,1.993,1.98
2011-01-07,1.98,2.0
2011-01-10,2.0,1.973
2011-01-11,1.973,1.994
2011-01-12,1.994,2.01
2011-01-13,2.01,2.008
2011-01-14,2.008,1.976
2011-01-17,1.976,1.912
2011-01-18,1.912,1.92
2011-01-19,1.9200000000000002,1.948
2011-01-20,1.948,1.893
2011-01-21,1.8930000000000002,1.918
2011-01-24,1.918,1.905
2011-01-25,1.905,1.907
2011-01-26,1.9069999999999998,1.923
2011-01-27,1.923,1.943
2011-01-28,1.943,1.938
2011-01-31,1.938,1.956
2011-02-01,1.956,1.964
2011-02-09,1.9640000000000002,1.936
2011-02-10,1.936,1.969
2011-02-11,1.9690000000000003,1.968
2011-02-14,1.968,2.041
2011-02-15,2.041,2.038
2011-02-16,2.038,2.043
2011-02-17,2.043,2.04
2011-02-18,2.04,2.023
2011-02-21,2.023,2.041
2011-02-22,2.041,1.986
2011-02-23,1.986,1.986
2011-02-24,1.986,1.993
2011-02-25,1.993,1.997
2011-02-28,1.997,2.01
2011-03-01,2.01,2.024
2011-03-02,2.024,2.031
2011-03-03,2.031,2.042
2011-03-04,2.042,2.074
2011-03-07,2.074,2.114
2011-03-08,2.114,2.111
2011-03-09,2.111,2.109
2011-03-10,2.109,2.064
2011-03-11,2.064,2.038
2011-03-14,2.038,2.042
2011-03-15,2.042,2.008
2011-03-16,2.008,2.039
2011-03-17,2.039,2.013
2011-03-18,2.013,2.025
2011-03-21,2.025,2.026
2011-03-22,2.026,2.046
2011-03-23,2.046,2.072
2011-03-24,2.072,2.056
2011-03-25,2.056,2.089
2011-03-28,2.089,2.092
2011-03-29,2.092,2.086
2011-03-30,2.086,2.091
2011-03-31,2.091,2.074
2011-04-01,2.074,2.117
2011-04-06,2.117,2.163
2011-04-07,2.163,2.162
2011-04-08,2.162,2.175
2011-04-11,2.175,2.164
2011-04-12,2.164,2.151
2011-04-13,2.151,2.19
2011-04-14,2.19,2.176
2011-04-15,2.176,2.189
2011-04-18,2.189,2.188
2011-04-19,2.188,2.14
2011-04-20,2.14,2.133
2011-04-21,2.133,2.148
2011-04-22,2.148,2.142
2011-04-25,2.142,2.116
2011-04-26,2.116,2.109
2011-04-27,2.109,2.103
2011-04-28,2.103,2.108
2011-04-29,2.108,2.103
2011-05-03,2.103,2.102
2011-05-04,2.102,2.042
2011-05-05,2.042,2.037
2011-05-06,2.037,2.025
2011-05-09,2.025,2.023
2011-05-10,2.023,2.044
2011-05-11,2.044,2.037
2011-05-12,2.037,2.008
2011-05-13,2.008,2.031
2011-05-16,2.031,2.005
2011-05-17,2.005,2.022
2011-05-18,2.022,2.041
2011-05-19,2.041,2.033
2011-05-20,2.033,2.039
2011-05-23,2.039,1.981
2011-05-24,1.981,1.982
2011-05-25,1.982,1.961
2011-05-26,1.961,1.965
2011-05-27,1.9649999999999999,1.968
2011-05-30,1.968,1.97
2011-05-31,1.97,1.998
2011-06-01,1.9979999999999998,1.99
2011-06-02,1.9900000000000002,1.951
2011-06-03,1.9510000000000003,1.966
2011-06-07,1.9659999999999997,1.973
2011-06-08,1.973,1.971
2011-06-09,1.9709999999999999,1.942
2011-06-10,1.942,1.947
2011-06-13,1.947,1.941
2011-06-14,1.941,1.966
2011-06-15,1.9659999999999997,1.953
2011-06-16,1.953,1.93
2011-06-17,1.93,1.917
2011-06-20,1.917,1.909
2011-06-21,1.909,1.925
2011-06-22,1.9250000000000003,1.924
2011-06-23,1.924,1.956
2011-06-24,1.956,2.001
2011-06-27,2.001,1.997
2011-06-28,1.997,1.997
2011-06-29,1.997,1.964
2011-06-30,1.9640000000000002,1.998
2011-07-01,1.9979999999999998,1.995
2011-07-04,1.9950000000000003,2.048
2011-07-05,2.048,2.039
2011-07-06,2.039,2.026
2011-07-07,2.026,2.018
2011-07-08,2.018,2.027
2011-07-11,2.027,2.021
2011-07-12,2.021,1.98
2011-07-13,1.98,2.009
2011-07-14,2.009,2.016
2011-07-15,2.016,2.021
2011-07-18,2.021,2.014
2011-07-19,2.014,2.0
2011-07-20,2.0,1.995
2011-07-21,1.9950000000000003,1.973
2011-07-22,1.973,1.976
2011-07-25,1.976,1.923
2011-07-26,1.923,1.927
2011-07-27,1.9269999999999998,1.931
2011-07-28,1.9310000000000003,1.913
2011-07-29,1.9130000000000003,1.925
2011-08-01,1.9250000000000003,1.926
2011-08-02,1.9260000000000002,1.909
2011-08-03,1.909,1.907
2011-08-04,1.9069999999999998,1.908
2011-08-05,1.9080000000000001,1.868
2011-08-08,1.8679999999999999,1.809
2011-08-09,1.809,1.817
2011-08-10,1.8170000000000002,1.829
2011-08-11,1.829,1.854
2011-08-12,1.8540000000000003,1.848
2011-08-15,1.8480000000000003,1.889
2011-08-16,1.8889999999999998,1.875
2011-08-17,1.8750000000000002,1.868
2011-08-18,1.8679999999999999,1.835
2011-08-19,1.835,1.82
2011-08-22,1.82,1.803
2011-08-23,1.803,1.835
2011-08-24,1.835,1.821
2011-08-25,1.821,1.892
2011-08-26,1.892,1.888
2011-08-29,1.8880000000000001,1.851
2011-08-30,1.8509999999999998,1.846
2011-08-31,1.846,1.855
2011-09-01,1.8550000000000002,1.853
2011-09-02,1.853,1.834
2011-09-05,1.834,1.804
2011-09-06,1.8039999999999998,1.795
2011-09-07,1.795,1.827
2011-09-08,1.827,1.815
2011-09-09,1.815,1.814
2011-09-13,1.814,1.797
2011-09-14,1.797,1.8
2011-09-15,1.8,1.793
2011-09-16,1.793,1.797
2011-09-19,1.797,1.766
2011-09-20,1.766,1.773
2011-09-21,1.773,1.822
2011-09-22,1.8220000000000003,1.769
2011-09-23,1.769,1.755
2011-09-26,1.755,1.704
2011-09-27,1.704,1.727
2011-09-28,1.727,1.71
2011-09-29,1.71,1.707
2011-09-30,1.707,1.703
2011-10-10,1.703,1.686
2011-10-11,1.686,1.689
2011-10-12,1.689,1.755
2011-10-13,1.755,1.76
2011-10-14,1.76,1.761
2011-10-17,1.761,1.775
2011-10-18,1.775,1.723
2011-10-19,1.723,1.724
2011-10-20,1.724,1.687
2011-10-21,1.687,1.692
2011-10-24,1.692,1.743
2011-10-25,1.743,1.768
2011-10-26,1.768,1.78
2011-10-27,1.78,1.787
2011-10-28,1.787,1.824
2011-10-31,1.8239999999999998,1.805
2011-11-01,1.8050000000000002,1.811
2011-11-02,1.8110000000000002,1.843
2011-11-03,1.8430000000000002,1.833
2011-11-04,1.833,1.848
2011-11-07,1.8480000000000003,1.823
2011-11-08,1.8230000000000002,1.826
2011-11-09,1.826,1.838
2011-11-10,1.838,1.798
2011-11-11,1.798,1.795
2011-11-14,1.795,1.829
2011-11-15,1.829,1.819
2011-11-16,1.8189999999999997,1.769
2011-11-17,1.769,1.762
2011-11-18,1.762,1.735
2011-11-21,1.735,1.735
2011-11-22,1.735,1.735
2011-11-23,1.735,1.717
2011-11-24,1.717,1.718
2011-11-25,1.718,1.704
2011-11-28,1.704,1.71
2011-11-29,1.71,1.728
2011-11-30,1.728,1.676
2011-12-01,1.676,1.727
2011-12-02,1.727,1.717
2011-12-05,1.717,1.709
2011-12-06,1.709,1.704
2011-12-07,1.704,1.717
2011-12-08,1.717,1.716
2011-12-09,1.716,1.708
2011-12-12,1.708,1.696
2011-12-13,1.696,1.662
2011-12-14,1.662,1.653
2011-12-15,1.653,1.613
2011-12-16,1.613,1.641
2011-12-19,1.641,1.637
2011-12-20,1.637,1.638
2011-12-21,1.638,1.617
2011-12-22,1.617,1.62
2011-12-23,1.62,1.632
2011-12-26,1.632,1.616
2011-12-27,1.616,1.606
2011-12-28,1.606,1.607
2011-12-29,1.607,1.609
2011-12-30,1.609,1.629
2012-01-04,1.629,1.61
2012-01-05,1.61,1.611
2012-01-06,1.611,1.621
2012-01-09,1.621,1.677
2012-01-10,1.677,1.721
2012-01-11,1.721,1.711
2012-01-12,1.711,1.717
2012-01-13,1.717,1.7
2012-01-16,1.7,1.677
2012-01-17,1.677,1.757
2012-01-18,1.757,1.729
2012-01-19,1.729,1.768
2012-01-20,1.768,1.794
2012-01-30,1.794,1.762
2012-01-31,1.762,1.758
2012-02-01,1.758,1.728
2012-02-02,1.728,1.777
2012-02-03,1.777,1.785
2012-02-06,1.785,1.782
2012-02-07,1.782,1.746
2012-02-08,1.746,1.799
2012-02-09,1.799,1.792
2012-02-10,1.792,1.793
2012-02-13,1.793,1.782
2012-02-14,1.782,1.772
2012-02-15,1.772,1.787
2012-02-16,1.787,1.775
2012-02-17,1.775,1.78
2012-02-20,1.78,1.784
2012-02-21,1.784,1.793
2012-02-22,1.793,1.808
2012-02-23,1.808,1.812
2012-02-24,1.812,1.841
2012-02-27,1.841,1.844
2012-02-28,1.844,1.855
2012-02-29,1.8550000000000002,1.836
2012-03-01,1.8359999999999999,1.834
2012-03-02,1.834,1.856
2012-03-05,1.856,1.844
2012-03-06,1.844,1.809
2012-03-07,1.809,1.79
2012-03-08,1.79,1.81
2012-03-09,1.8100000000000003,1.823
2012-03-12,1.8230000000000002,1.808
2012-03-13,1.808,1.825
2012-03-14,1.8249999999999997,1.792
2012-03-15,1.792,1.777
2012-03-16,1.777,1.79
2012-03-19,1.79,1.791
2012-03-20,1.791,1.766
2012-03-21,1.766,1.771
2012-03-22,1.771,1.774
2012-03-23,1.774,1.759
2012-03-26,1.759,1.763
2012-03-27,1.763,1.763
2012-03-28,1.763,1.725
2012-03-29,1.725,1.704
2012-03-30,1.704,1.719
2012-04-05,1.719,1.745
2012-04-06,1.745,1.749
2012-04-09,1.749,1.735
2012-04-10,1.735,1.747
2012-04-11,1.747,1.745
2012-04-12,1.745,1.783
2012-04-13,1.783,1.789
2012-04-16,1.789,1.78
2012-04-17,1.78,1.76
2012-04-18,1.76,1.8
2012-04-19,1.8,1.799
2012-04-20,1.799,1.826
2012-04-23,1.826,1.812
2012-04-24,1.812,1.819
2012-04-25,1.8189999999999997,1.828
2012-04-26,1.8280000000000003,1.833
2012-04-27,1.833,1.835
2012-05-02,1.835,1.877
2012-05-03,1.877,1.877
2012-05-04,1.877,1.886
2012-05-07,1.886,1.877
2012-05-08,1.877,1.872
2012-05-09,1.872,1.842
2012-05-10,1.8419999999999999,1.841
2012-05-11,1.841,1.829
2012-05-14,1.829,1.814
2012-05-15,1.814,1.811
2012-05-16,1.800000098602887,1.775
2012-05-17,1.775,1.803
2012-05-18,1.803,1.778
2012-05-21,1.778,1.786
2012-05-22,1.786,1.813
2012-05-23,1.813,1.803
2012-05-24,1.803,1.793
2012-05-25,1.7930000000000001,1.777
2012-05-28,1.777,1.803
2012-05-29,1.803,1.829
2012-05-30,1.829,1.817
2012-05-31,1.8169999999999997,1.808
2012-06-01,1.808,1.812
2012-06-04,1.8119999999999998,1.767
2012-06-05,1.767,1.767
2012-06-06,1.767,1.772
2012-06-07,1.772,1.766
2012-06-08,1.766,1.749
2012-06-11,1.749,1.768
2012-06-12,1.768,1.757
2012-06-13,1.757,1.783
2012-06-14,1.783,1.773
2012-06-15,1.773,1.79
2012-06-18,1.79,1.791
2012-06-19,1.791,1.783
2012-06-20,1.783,1.786
2012-06-21,1.786,1.757
2012-06-25,1.757,1.723
2012-06-26,1.723,1.729
2012-06-27,1.729,1.723
2012-06-28,1.723,1.713
2012-06-29,1.713,1.735
2012-07-02,1.735,1.732
2012-07-03,1.732,1.737
2012-07-04,1.737,1.738
2012-07-05,1.738,1.724
2012-07-06,1.724,1.741
2012-07-09,1.741,1.699
2012-07-10,1.699,1.697
2012-07-11,1.697,1.703
2012-07-12,1.703,1.712
2012-07-13,1.712,1.716
2012-07-16,1.716,1.693
2012-07-17,1.693,1.701
2012-07-18,1.701,1.696
2012-07-19,1.696,1.706
2012-07-20,1.706,1.693
2012-07-23,1.693,1.664
2012-07-24,1.664,1.666
2012-07-25,1.666,1.662
2012-07-26,1.662,1.66
2012-07-27,1.66,1.667
2012-07-30,1.667,1.664
2012-07-31,1.664,1.67
2012-08-01,1.67,1.679
2012-08-02,1.679,1.673
2012-08-03,1.673,1.678
2012-08-06,1.678,1.692
2012-08-07,1.692,1.692
2012-08-08,1.692,1.698
2012-08-09,1.698,1.708
2012-08-10,1.708,1.702
2012-08-13,1.702,1.671
2012-08-14,1.671,1.667
2012-08-15,1.667,1.646
2012-08-16,1.646,1.643
2012-08-17,1.643,1.643
2012-08-20,1.643,1.63
2012-08-21,1.63,1.634
2012-08-22,1.634,1.625
2012-08-23,1.625,1.632
2012-08-24,1.632,1.625
2012-08-27,1.625,1.593
2012-08-28,1.593,1.605
2012-08-29,1.605,1.59
2012-08-30,1.59,1.592
2012-08-31,1.592,1.592
2012-09-03,1.592,1.597
2012-09-04,1.597,1.584
2012-09-05,1.584,1.573
2012-09-06,1.573,1.587
2012-09-07,1.587,1.661
2012-09-10,1.661,1.66
2012-09-11,1.66,1.647
2012-09-12,1.647,1.648
2012-09-13,1.648,1.637
2012-09-14,1.637,1.652
2012-09-17,1.652,1.623
2012-09-18,1.623,1.605
2012-09-19,1.605,1.606
2012-09-20,1.606,1.58
2012-09-21,1.58,1.584
2012-09-24,1.584,1.59
2012-09-25,1.59,1.591
2012-09-26,1.591,1.579
2012-09-27,1.579,1.621
2012-09-28,1.621,1.652
2012-10-08,1.652,1.635
2012-10-09,1.635,1.666
2012-10-10,1.666,1.663
2012-10-11,1.663,1.655
2012-10-12,1.655,1.655
2012-10-15,1.655,1.65
2012-10-16,1.65,1.651
2012-10-17,1.651,1.656
2012-10-18,1.656,1.678
2012-10-19,1.678,1.677
2012-10-22,1.677,1.683
2012-10-23,1.683,1.666
2012-10-24,1.666,1.663
2012-10-25,1.663,1.651
2012-10-26,1.651,1.619
2012-10-29,1.619,1.607
2012-10-30,1.607,1.611
2012-10-31,1.611,1.625
2012-11-01,1.625,1.655
2012-11-02,1.655,1.664
2012-11-05,1.664,1.66
2012-11-06,1.66,1.655
2012-11-07,1.655,1.655
2012-11-08,1.655,1.629
2012-11-09,1.629,1.627
2012-11-12,1.627,1.636
2012-11-13,1.5990000841072365,1.577
2012-11-14,1.577,1.583
2012-11-15,1.583,1.564
2012-11-16,1.564,1.55
2012-11-19,1.55,1.548
2012-11-20,1.548,1.54
2012-11-21,1.54,1.561
2012-11-22,1.561,1.556
2012-11-23,1.556,1.566
2012-11-26,1.566,1.562
2012-11-27,1.562,1.553
2012-11-28,1.553,1.542
2012-11-29,1.542,1.536
2012-11-30,1.536,1.544
2012-12-03,1.544,1.533
2012-12-04,1.533,1.547
2012-12-05,1.547,1.599
2012-12-06,1.599,1.599
2012-12-07,1.599,1.633
2012-12-10,1.633,1.65
2012-12-11,1.65,1.644
2012-12-12,1.644,1.657
2012-12-13,1.657,1.638
2012-12-14,1.638,1.725
2012-12-17,1.725,1.736
2012-12-18,1.736,1.741
2012-12-19,1.741,1.74
2012-12-20,1.74,1.748
2012-12-21,1.748,1.735
2012-12-24,1.735,1.747
2012-12-25,1.747,1.793
2012-12-26,1.793,1.799
2012-12-27,1.799,1.786
2012-12-28,1.786,1.814
2012-12-31,1.8140000000000003,1.854
2013-01-04,1.8539999999999999,1.867
2013-01-07,1.8669999999999998,1.876
2013-01-08,1.8759999999999997,1.853
2013-01-09,1.8530000000000002,1.848
2013-01-10,1.848,1.849
2013-01-11,1.8489999999999998,1.817
2013-01-14,1.817,1.886
2013-01-15,1.886,1.893
2013-01-16,1.8929999999999998,1.871
2013-01-17,1.871,1.852
2013-01-18,1.8520000000000003,1.882
2013-01-21,1.8819999999999997,1.892
2013-01-22,1.892,1.893
2013-01-23,1.8929999999999998,1.901
2013-01-24,1.901,1.895
2013-01-25,1.895,1.885
2013-01-28,1.8850000000000002,1.949
2013-01-29,1.949,1.975
2013-01-30,1.9750000000000003,1.981
2013-01-31,1.981,1.987
2013-02-01,1.987,2.048
2013-02-04,2.048,2.055
2013-02-05,2.055,2.059
2013-02-06,2.059,2.072
2013-02-07,2.072,2.046
2013-02-08,2.046,2.035
2013-02-18,2.035,2.011
2013-02-19,2.011,1.978
2013-02-20,1.9779999999999998,1.973
2013-02-21,1.973,1.893
2013-02-22,1.8929999999999998,1.88
2013-02-25,1.8800000000000001,1.888
2013-02-26,1.8879999999999997,1.862
2013-02-27,1.862,1.885
2013-02-28,1.8850000000000002,1.952
2013-03-01,1.9519999999999997,1.944
2013-03-04,1.944,1.841
2013-03-05,1.8410000000000002,1.913
2013-03-06,1.9129999999999998,1.932
2013-03-07,1.9320000000000002,1.899
2013-03-08,1.8990000000000002,1.9
2013-03-11,1.9000000000000001,1.879
2013-03-12,1.8790000000000002,1.853
2013-03-13,1.8530000000000002,1.834
2013-03-14,1.8339999999999999,1.839
2013-03-15,1.839,1.845
2013-03-18,1.845,1.812
2013-03-19,1.812,1.83
2013-03-20,1.83,1.903
2013-03-21,1.903,1.901
2013-03-22,1.901,1.903
2013-03-25,1.903,1.901
2013-03-26,1.901,1.86
2013-03-27,1.8599999999999999,1.865
2013-03-28,1.865,1.788
2013-03-29,1.7880000000000003,1.788
2013-04-01,1.7880000000000003,1.783
2013-04-02,1.7830000000000001,1.786
2013-04-03,1.786,1.788
2013-04-08,1.7880000000000003,1.77
2013-04-09,1.7699999999999998,1.787
2013-04-10,1.787,1.788
2013-04-11,1.7880000000000003,1.787
2013-04-12,1.787,1.776
2013-04-15,1.7759999999999998,1.762
2013-04-16,1.7620000000000002,1.77
2013-04-17,1.7699999999999998,1.761
2013-04-18,1.761,1.766
2013-04-19,1.766,1.826
2013-04-22,1.8260000000000003,1.823
2013-04-23,1.8229999999999997,1.763
2013-04-24,1.7630000000000001,1.79
2013-04-25,1.79,1.777
2013-04-26,1.7770000000000001,1.765
2013-05-02,1.7649999999999997,1.765
2013-05-03,1.7649999999999997,1.796
2013-05-06,1.7959999999999998,1.813
2013-05-07,1.813,1.817
2013-05-08,1.817,1.822
2013-05-09,1.8219999999999998,1.808
2013-05-10,1.8079999999999998,1.819
2013-05-13,1.819,1.809
2013-05-14,1.8090000000000002,1.785
2013-05-15,1.785,1.786
2013-05-16,1.786,1.819
2013-05-17,1.819,1.843
2013-05-20,1.843,1.861
2013-05-21,1.8609999999999998,1.852
2013-05-22,1.8520000000000003,1.856
2013-05-23,1.856,1.823
2013-05-24,1.8229999999999997,1.829
2013-05-27,1.8289999999999997,1.825
2013-05-28,1.825,1.871
2013-05-29,1.871,1.861
2013-05-30,1.8609999999999998,1.855
2013-05-31,1.8549999999999998,1.84
2013-06-03,1.8399999999999999,1.844
2013-06-04,1.844,1.826
2013-06-05,1.8260000000000003,1.813
2013-06-06,1.813,1.794
2013-06-07,1.7940000000000003,1.77
2013-06-13,1.7699999999999998,1.725
2013-06-14,1.725,1.726
2013-06-17,1.726,1.711
2013-06-18,1.711,1.722
2013-06-19,1.722,1.707
2013-06-20,1.707,1.653
2013-06-21,1.653,1.65
2013-06-24,1.65,1.545
2013-06-25,1.545,1.55
2013-06-26,1.55,1.529
2013-06-27,1.529,1.535
2013-06-28,1.535,1.58
2013-07-01,1.58,1.575
2013-07-02,1.575,1.568
2013-07-03,1.568,1.554
2013-07-04,1.554,1.566
2013-07-05,1.566,1.574
2013-07-08,1.574,1.545
2013-07-09,1.545,1.541
2013-07-10,1.541,1.584
2013-07-11,1.584,1.684
2013-07-12,1.684,1.632
2013-07-15,1.632,1.648
2013-07-16,1.648,1.648
2013-07-17,1.648,1.627
2013-07-18,1.627,1.593
2013-07-19,1.593,1.555
2013-07-22,1.555,1.557
2013-07-23,1.557,1.6
2013-07-24,1.6,1.58
2013-07-25,1.58,1.579
2013-07-26,1.579,1.57
2013-07-29,1.57,1.532
2013-07-30,1.532,1.549
2013-07-31,1.549,1.551
2013-08-01,1.551,1.588
2013-08-02,1.588,1.586
2013-08-05,1.586,1.603
2013-08-06,1.603,1.605
2013-08-07,1.605,1.598
2013-08-08,1.598,1.595
2013-08-09,1.595,1.604
2013-08-12,1.604,1.663
2013-08-13,1.663,1.67
2013-08-14,1.67,1.663
2013-08-15,1.663,1.646
2013-08-16,1.646,1.646
2013-08-19,1.646,1.657
2013-08-20,1.657,1.646
2013-08-21,1.646,1.639
2013-08-22,1.639,1.634
2013-08-23,1.634,1.618
2013-08-26,1.618,1.655
2013-08-27,1.655,1.653
2013-08-28,1.653,1.647
2013-08-29,1.647,1.641
2013-08-30,1.641,1.645
2013-09-02,1.645,1.648
2013-09-03,1.648,1.668
2013-09-04,1.668,1.67
2013-09-05,1.67,1.665
2013-09-06,1.665,1.683
2013-09-09,1.683,1.772
2013-09-10,1.772,1.799
2013-09-11,1.799,1.803
2013-09-12,1.8029999999999997,1.833
2013-09-13,1.833,1.811
2013-09-16,1.811,1.797
2013-09-17,1.7969999999999997,1.757
2013-09-18,1.7570000000000001,1.759
2013-09-23,1.7589999999999997,1.769
2013-09-24,1.769,1.731
2013-09-25,1.731,1.717
2013-09-26,1.717,1.689
2013-09-27,1.689,1.695
2013-09-30,1.695,1.697
2013-10-08,1.697,1.717
2013-10-09,1.717,1.723
2013-10-10,1.723,1.694
2013-10-11,1.694,1.725
2013-10-14,1.725,1.718
2013-10-15,1.718,1.71
2013-10-16,1.71,1.689
2013-10-17,1.689,1.681
2013-10-18,1.681,1.693
2013-10-21,1.693,1.714
2013-10-22,1.714,1.694
2013-10-23,1.694,1.693
2013-10-24,1.693,1.674
2013-10-25,1.674,1.663
2013-10-28,1.663,1.665
2013-10-29,1.665,1.686
2013-10-30,1.686,1.708
2013-10-31,1.708,1.685
2013-11-01,1.685,1.7
2013-11-04,1.7,1.693
2013-11-05,1.693,1.687
2013-11-06,1.687,1.669
2013-11-07,1.669,1.664
2013-11-08,1.664,1.639
2013-11-11,1.639,1.641
2013-11-12,1.641,1.663
2013-11-13,1.663,1.621
2013-11-14,1.621,1.622
2013-11-15,1.5689998610117666,1.6
2013-11-18,1.6,1.675
2013-11-19,1.675,1.656
2013-11-20,1.656,1.66
2013-11-21,1.66,1.644
2013-11-22,1.644,1.639
2013-11-25,1.639,1.63
2013-11-26,1.63,1.627
2013-11-27,1.627,1.643
2013-11-28,1.643,1.659
2013-11-29,1.659,1.656
2013-12-02,1.656,1.675
2013-12-03,1.675,1.676
2013-12-04,1.676,1.696
2013-12-05,1.6960000000000002,1.69
2013-12-06,1.69,1.672
2013-12-09,1.672,1.666
2013-12-10,1.666,1.668
2013-12-11,1.668,1.639
2013-12-12,1.639,1.629
2013-12-13,1.629,1.627
2013-12-16,1.627,1.603
2013-12-17,1.603,1.595
2013-12-18,1.595,1.599
2013-12-19,1.599,1.581
2013-12-20,1.581,1.543
2013-12-23,1.543,1.542
2013-12-24,1.542,1.54
2013-12-25,1.54,1.546
2013-12-26,1.546,1.527
2013-12-27,1.527,1.549
2013-12-30,1.549,1.548
2013-12-31,1.548,1.571
2014-01-02,1.571,1.558
2014-01-03,1.558,1.535
2014-01-06,1.535,1.513
2014-01-07,1.513,1.512
2014-01-08,1.512,1.513
2014-01-09,1.513,1.503
2014-01-10,1.503,1.497
2014-01-13,1.497,1.491
2014-01-14,1.491,1.495
2014-01-15,1.495,1.487
2014-01-16,1.487,1.49
2014-01-17,1.49,1.473
2014-01-20,1.473,1.465
2014-01-21,1.465,1.474
2014-01-22,1.474,1.513
2014-01-23,1.513,1.499
2014-01-24,1.499,1.499
2014-01-27,1.499,1.478
2014-01-28,1.478,1.486
2014-01-29,1.486,1.492
2014-01-30,1.492,1.475
2014-02-07,1.475,1.472
2014-02-10,1.472,1.501
2014-02-11,1.501,1.526
2014-02-12,1.526,1.522
2014-02-13,1.522,1.527
2014-02-14,1.527,1.53
2014-02-17,1.53,1.534
2014-02-18,1.534,1.506
2014-02-19,1.506,1.529
2014-02-20,1.529,1.518
2014-02-21,1.518,1.502
2014-02-24,1.502,1.467
2014-02-25,1.467,1.44
2014-02-26,1.44,1.44
2014-02-27,1.44,1.451
2014-02-28,1.451,1.461
2014-03-03,1.461,1.458
2014-03-04,1.458,1.459
2014-03-05,1.459,1.444
2014-03-06,1.444,1.456
2014-03-07,1.456,1.452
2014-03-10,1.452,1.408
2014-03-11,1.408,1.41
2014-03-12,1.41,1.414
2014-03-13,1.414,1.434
2014-03-14,1.434,1.422
2014-03-17,1.422,1.434
2014-03-18,1.434,1.425
2014-03-19,1.425,1.419
2014-03-20,1.419,1.408
2014-03-21,1.408,1.463
2014-03-24,1.463,1.476
2014-03-25,1.476,1.465
2014-03-26,1.465,1.463
2014-03-27,1.463,1.464
2014-03-28,1.464,1.471
2014-03-31,1.471,1.464
2014-04-01,1.464,1.469
2014-04-02,1.469,1.488
2014-04-03,1.488,1.475
2014-04-04,1.475,1.488
2014-04-08,1.488,1.532
2014-04-09,1.532,1.528
2014-04-10,1.528,1.567
2014-04-11,1.567,1.561
2014-04-14,1.561,1.552
2014-04-15,1.552,1.522
2014-04-16,1.522,1.522
2014-04-17,1.522,1.516
2014-04-18,1.516,1.515
2014-04-21,1.515,1.489
2014-04-22,1.489,1.505
2014-04-23,1.505,1.505
2014-04-24,1.505,1.509
2014-04-25,1.509,1.5
2014-04-28,1.5,1.483
2014-04-29,1.483,1.493
2014-04-30,1.493,1.492
2014-05-05,1.492,1.483
2014-05-06,1.483,1.481
2014-05-07,1.481,1.473
2014-05-08,1.473,1.476
2014-05-09,1.476,1.476
2014-05-12,1.476,1.503
2014-05-13,1.503,1.496
2014-05-14,1.496,1.498
2014-05-15,1.498,1.484
2014-05-16,1.484,1.481
2014-05-19,1.481,1.457
2014-05-20,1.457,1.455
2014-05-21,1.455,1.469
2014-05-22,1.469,1.466
2014-05-23,1.466,1.48
2014-05-26,1.48,1.482
2014-05-27,1.482,1.478
2014-05-28,1.478,1.488
2014-05-29,1.488,1.482
2014-05-30,1.482,1.477
2014-06-03,1.477,1.473
2014-06-04,1.473,1.464
2014-06-05,1.464,1.481
2014-06-06,1.481,1.469
2014-06-09,1.469,1.472
2014-06-10,1.472,1.49
2014-06-11,1.49,1.484
2014-06-12,1.484,1.481
2014-06-13,1.481,1.5
2014-06-16,1.5,1.516
2014-06-17,1.516,1.502
2014-06-18,1.502,1.496
2014-06-19,1.496,1.478
2014-06-20,1.478,1.485
2014-06-23,1.485,1.48
2014-06-24,1.48,1.489
2014-06-25,1.489,1.482
2014-06-26,1.482,1.49
2014-06-27,1.49,1.486
2014-06-30,1.486,1.497
2014-07-01,1.497,1.493
2014-07-02,1.493,1.501
2014-07-03,1.501,1.505
2014-07-04,1.505,1.51
2014-07-07,1.51,1.511
2014-07-08,1.511,1.508
2014-07-09,1.508,1.492
2014-07-10,1.492,1.491
2014-07-11,1.491,1.498
2014-07-14,1.498,1.511
2014-07-15,1.511,1.513
2014-07-16,1.513,1.512
2014-07-17,1.512,1.507
2014-07-18,1.507,1.516
2014-07-21,1.516,1.515
2014-07-22,1.515,1.533
2014-07-23,1.533,1.545
2014-07-24,1.545,1.58
2014-07-25,1.58,1.596
2014-07-28,1.596,1.647
2014-07-29,1.647,1.65
2014-07-30,1.65,1.642
2014-07-31,1.642,1.666
2014-08-01,1.666,1.649
2014-08-04,1.649,1.685
2014-08-05,1.685,1.672
2014-08-06,1.672,1.658
2014-08-07,1.658,1.633
2014-08-08,1.633,1.637
2014-08-11,1.637,1.659
2014-08-12,1.659,1.647
2014-08-13,1.647,1.651
2014-08-14,1.651,1.637
2014-08-15,1.637,1.653
2014-08-18,1.653,1.654
2014-08-19,1.654,1.649
2014-08-20,1.649,1.645
2014-08-21,1.645,1.629
2014-08-22,1.629,1.635
2014-08-25,1.635,1.62
2014-08-26,1.62,1.617
2014-08-27,1.617,1.615
2014-08-28,1.615,1.612
2014-08-29,1.612,1.623
2014-09-01,1.623,1.626
2014-09-02,1.626,1.649
2014-09-03,1.649,1.667
2014-09-04,1.667,1.679
2014-09-05,1.679,1.699
2014-09-09,1.699,1.685
2014-09-10,1.685,1.671
2014-09-11,1.671,1.666
2014-09-12,1.666,1.675
2014-09-15,1.675,1.669
2014-09-16,1.669,1.644
2014-09-17,1.644,1.648
2014-09-18,1.648,1.652
2014-09-19,1.652,1.665
2014-09-22,1.665,1.628
2014-09-23,1.628,1.64
2014-09-24,1.64,1.672
2014-09-25,1.672,1.661
2014-09-26,1.661,1.662
2014-09-29,1.662,1.667
2014-09-30,1.667,1.666
2014-10-08,1.666,1.676
2014-10-09,1.676,1.677
2014-10-10,1.677,1.664
2014-10-13,1.664,1.653
2014-10-14,1.653,1.643
2014-10-15,1.643,1.66
2014-10-16,1.66,1.655
2014-10-17,1.655,1.65
2014-10-20,1.65,1.655
2014-10-21,1.655,1.646
2014-10-22,1.646,1.644
2014-10-23,1.644,1.632
2014-10-24,1.632,1.629
2014-10-27,1.629,1.604
2014-10-28,1.604,1.629
2014-10-29,1.629,1.651
2014-10-30,1.651,1.663
2014-10-31,1.663,1.705
2014-11-03,1.705,1.695
2014-11-04,1.695,1.69
2014-11-05,1.69,1.685
2014-11-06,1.685,1.682
2014-11-07,1.682,1.687
2014-11-10,1.687,1.735
2014-11-11,1.735,1.757
2014-11-12,1.7570000000000001,1.776
2014-11-13,1.776,1.775
2014-11-14,1.775,1.774
2014-11-17,1.7310006342685278,1.709
2014-11-18,1.709,1.684
2014-11-19,1.6840000000000002,1.675
2014-11-20,1.6749999999999998,1.678
2014-11-21,1.6779999999999997,1.72
2014-11-24,1.7200000000000002,1.759
2014-11-25,1.7589999999999997,1.774
2014-11-26,1.7740000000000002,1.816
2014-11-27,1.816,1.851
2014-11-28,1.851,1.912
2014-12-01,1.9120000000000001,1.918
2014-12-02,1.918,2.023
2014-12-03,2.023,2.033
2014-12-04,2.033,2.179
2014-12-05,2.179,2.196
2014-12-08,2.196,2.312
2014-12-09,2.312,2.169
2014-12-10,2.169,2.239
2014-12-11,2.239,2.182
2014-12-12,2.182,2.182
2014-12-15,2.182,2.184
2014-12-16,2.184,2.281
2014-12-17,2.281,2.356
2014-12-18,2.356,2.338
2014-12-19,2.338,2.368
2014-12-22,2.368,2.405
2014-12-23,2.405,2.353
2014-12-24,2.353,2.256
2014-12-25,2.256,2.344
2014-12-26,2.344,2.452
2014-12-29,2.452,2.459
2014-12-30,2.459,2.492
2014-12-31,2.492,2.552
2015-01-05,2.552,2.622
2015-01-06,2.622,2.592
2015-01-07,2.592,2.588
2015-01-08,2.588,2.518
2015-01-09,2.518,2.524
2015-01-12,2.524,2.5
2015-01-13,2.5,2.485
2015-01-14,2.485,2.494
2015-01-15,2.494,2.586
2015-01-16,2.586,2.604
2015-01-19,2.604,2.344
2015-01-20,2.344,2.361
2015-01-21,2.361,2.503
2015-01-22,2.503,2.499
2015-01-23,2.499,2.524
2015-01-26,2.524,2.519
2015-01-27,2.519,2.478
2015-01-28,2.478,2.442
2015-01-29,2.442,2.4
2015-01-30,2.4,2.367
2015-02-02,2.367,2.299
2015-02-03,2.299,2.367
2015-02-04,2.367,2.334
2015-02-05,2.334,2.316
2015-02-06,2.316,2.291
2015-02-09,2.291,2.331
2015-02-10,2.331,2.369
2015-02-11,2.369,2.38
2015-02-12,2.38,2.384
2015-02-13,2.384,2.39
2015-02-16,2.39,2.394
2015-02-17,2.394,2.411
2015-02-25,2.411,2.37
2015-02-26,2.37,2.45
2015-02-27,2.45,2.438
2015-03-02,2.438,2.441
2015-03-03,2.441,2.364
2015-03-04,2.364,2.362
2015-03-05,2.362,2.334
2015-03-06,2.334,2.339
2015-03-09,2.339,2.397
2015-03-10,2.397,2.359
2015-03-11,2.359,2.374
2015-03-12,2.374,2.448
2015-03-13,2.448,2.455
2015-03-16,2.455,2.51
2015-03-17,2.51,2.543
2015-03-18,2.543,2.611
2015-03-19,2.611,2.587
2015-03-20,2.587,2.635
2015-03-23,2.635,2.676
2015-03-24,2.676,2.638
2015-03-25,2.638,2.604
2015-03-26,2.604,2.643
2015-03-27,2.643,2.649
2015-03-30,2.649,2.74
2015-03-31,2.74,2.707
2015-04-01,2.707,2.753
2015-04-02,2.753,2.739
2015-04-03,2.739,2.773
2015-04-07,2.773,2.842
2015-04-08,2.842,2.898
2015-04-09,2.898,2.877
2015-04-10,2.877,2.936
2015-04-13,2.936,2.991
2015-04-14,2.991,2.999
2015-04-15,2.999,3.011
2015-04-16,3.011,3.145
2015-04-17,3.145,3.185
2015-04-20,3.185,3.103
2015-04-21,3.103,3.141
2015-04-22,3.141,3.241
2015-04-23,3.241,3.212
2015-04-24,3.212,3.171
2015-04-27,3.171,3.255
2015-04-28,3.255,3.228
2015-04-29,3.228,3.22
2015-04-30,3.22,3.198
2015-05-04,3.198,3.211
2015-05-05,3.211,3.096
2015-05-06,3.096,3.083
2015-05-07,3.083,3.045
2015-05-08,3.045,3.055
2015-05-11,3.055,3.11
2015-05-12,3.11,3.129
2015-05-13,3.129,3.084
2015-05-14,3.084,3.073
2015-05-15,3.073,3.006
2015-05-18,3.006,2.946
2015-05-19,2.946,3.066
2015-05-20,3.066,3.066
2015-05-21,3.066,3.104
2015-05-22,3.104,3.199
2015-05-25,3.199,3.303
2015-05-26,3.303,3.32
2015-05-27,3.3199999999999994,3.285
2015-05-28,3.285,3.079
2015-05-29,3.079,3.066
2015-06-01,3.066,3.198
2015-06-02,3.198,3.209
2015-06-03,3.209,3.191
2015-06-04,3.191,3.259
2015-06-05,3.259,3.254
2015-06-08,3.254,3.427
2015-06-09,3.4270000000000005,3.361
2015-06-10,3.361,3.32
2015-06-11,3.3199999999999994,3.3
2015-06-12,3.3,3.313
2015-06-15,3.313,3.216
2015-06-16,3.216,3.148
2015-06-17,3.148,3.175
2015-06-18,3.175,3.042
2015-06-19,3.042,2.874
2015-06-23,2.874,2.976
2015-06-24,2.976,3.018
2015-06-25,3.018,2.919
2015-06-26,2.919,2.686
2015-06-29,2.686,2.66
2015-06-30,2.66,2.851
2015-07-01,2.851,2.728
2015-07-02,2.728,2.684
2015-07-03,2.684,2.579
2015-07-06,2.579,2.742
2015-07-07,2.742,2.79
2015-07-08,2.79,2.604
2015-07-09,2.604,2.792
2015-07-10,2.792,2.905
2015-07-13,2.905,2.862
2015-07-14,2.862,2.762
2015-07-15,2.762,2.749
2015-07-16,2.749,2.74
2015-07-17,2.74,2.803
2015-07-20,2.803,2.777
2015-07-21,2.777,2.768
2015-07-22,2.768,2.737
2015-07-23,2.737,2.794
2015-07-24,2.794,2.745
2015-07-27,2.745,2.494
2015-07-28,2.494,2.484
2015-07-29,2.484,2.534
2015-07-30,2.534,2.469
2015-07-31,2.469,2.462
2015-08-03,2.462,2.478
2015-08-04,2.478,2.54
2015-08-05,2.54,2.491
2015-08-06,2.491,2.471
2015-08-07,2.471,2.504
2015-08-10,2.504,2.616
2015-08-11,2.616,2.59
2015-08-12,2.59,2.564
2015-08-13,2.564,2.576
2015-08-14,2.576,2.575
2015-08-17,2.575,2.548
2015-08-18,2.548,2.41
2015-08-19,2.41,2.427
2015-08-20,2.427,2.361
2015-08-21,2.361,2.274
2015-08-24,2.274,2.047
2015-08-25,2.047,1.886
2015-08-26,1.886,1.946
2015-08-27,1.946,2.11
2015-08-28,2.11,2.168
2015-08-31,2.168,2.209
2015-09-01,2.209,2.228
2015-09-02,2.228,2.236
2015-09-07,2.236,2.14
2015-09-08,2.14,2.177
2015-09-09,2.177,2.209
2015-09-10,2.209,2.206
2015-09-11,2.206,2.193
2015-09-14,2.193,2.223
2015-09-15,2.223,2.167
2015-09-16,2.167,2.242
2015-09-17,2.242,2.198
2015-09-18,2.198,2.198
2015-09-21,2.198,2.212
2015-09-22,2.212,2.237
2015-09-23,2.237,2.18
2015-09-24,2.18,2.187
2015-09-25,2.187,2.171
2015-09-28,2.171,2.174
2015-09-29,2.174,2.127
2015-09-30,2.127,2.147
2015-10-08,2.147,2.196
2015-10-09,2.196,2.221
2015-10-12,2.221,2.288
2015-10-13,2.288,2.279
2015-10-14,2.279,2.258
2015-10-15,2.258,2.304
2015-10-16,2.304,2.322
2015-10-19,2.322,2.32
2015-10-20,2.32,2.341
2015-10-21,2.341,2.32
2015-10-22,2.32,2.333
2015-10-23,2.333,2.35
2015-10-26,2.35,2.35
2015-10-27,2.35,2.348
2015-10-28,2.348,2.308
2015-10-29,2.308,2.311
2015-10-30,2.311,2.31
2015-11-02,2.31,2.283
2015-11-03,2.283,2.272
2015-11-04,2.272,2.386
2015-11-05,2.386,2.445
2015-11-06,2.445,2.499
2015-11-09,2.499,2.532
2015-11-10,2.532,2.521
2015-11-11,2.521,2.504
2015-11-12,2.504,2.47
2015-11-13,2.47,2.444
2015-11-16,2.444,2.449
2015-11-17,2.449,2.45
2015-11-18,2.45,2.438
2015-11-19,2.438,2.471
2015-11-20,2.471,2.459
2015-11-23,2.459,2.45
2015-11-24,2.45,2.444
2015-11-25,2.444,2.454
2015-11-26,2.454,2.447
2015-11-27,2.447,2.318
2015-11-30,2.318,2.329
2015-12-01,2.329,2.339
2015-12-02,2.339,2.462
2015-12-03,2.462,2.46
2015-12-04,2.46,2.398
2015-12-07,2.398,2.39
2015-12-08,2.39,2.366
2015-12-09,2.366,2.369
2015-12-10,2.369,2.355
2015-12-11,2.355,2.344
2015-12-14,2.344,2.415
2015-12-15,2.415,2.382
2015-12-16,2.382,2.372
2015-12-17,2.372,2.401
2015-12-18,2.401,2.422
2015-12-21,2.422,2.499
2015-12-22,2.499,2.49
2015-12-23,2.49,2.499
2015-12-24,2.499,2.478
2015-12-25,2.478,2.486
2015-12-28,2.486,2.412
2015-12-29,2.412,2.432
2015-12-30,2.432,2.424
2015-12-31,2.424,2.416
2016-01-04,2.416,2.278
2016-01-05,2.278,2.286
2016-01-06,2.286,2.317
2016-01-07,2.317,2.177
2016-01-08,2.177,2.219
2016-01-11,2.219,2.125
2016-01-12,2.125,2.131
2016-01-13,2.131,2.112
2016-01-14,2.112,2.131
2016-01-15,2.131,2.07
2016-01-18,2.07,2.07
2016-01-19,2.07,2.13
2016-01-20,2.13,2.091
2016-01-21,2.091,2.043
2016-01-22,2.043,2.067
2016-01-25,2.067,2.065
2016-01-26,2.065,1.958
2016-01-27,1.958,1.957
2016-01-28,1.957,1.915
2016-01-29,1.915,1.975
2016-02-01,1.975,1.942
2016-02-02,1.942,1.975
2016-02-03,1.975,1.953
2016-02-04,1.9529999999999998,1.978
2016-02-05,1.978,1.968
2016-02-15,1.968,1.949
2016-02-16,1.9490000000000003,2.001
2016-02-17,2.001,2.013
2016-02-18,2.013,2.011
2016-02-19,2.011,2.006
2016-02-22,2.006,2.054
2016-02-23,2.054,2.03
2016-02-24,2.03,2.039
2016-02-25,2.039,1.936
2016-02-26,1.936,1.956
2016-02-29,1.956,1.937
2016-03-01,1.937,1.971
2016-03-02,1.9709999999999999,2.049
2016-03-03,2.049,2.053
2016-03-04,2.053,2.122
2016-03-07,2.122,2.111
2016-03-08,2.111,2.115
2016-03-09,2.115,2.107
2016-03-10,2.107,2.059
2016-03-11,2.059,2.066
2016-03-14,2.066,2.076
2016-03-15,2.076,2.098
2016-03-16,2.098,2.135
2016-03-17,2.135,2.132
2016-03-18,2.132,2.14
2016-03-21,2.14,2.192
2016-03-22,2.192,2.169
2016-03-23,2.169,2.171
2016-03-24,2.171,2.14
2016-03-25,2.14,2.145
2016-03-28,2.145,2.121
2016-03-29,2.121,2.104
2016-03-30,2.104,2.158
2016-03-31,2.158,2.156
2016-04-01,2.156,2.165
2016-04-05,2.165,2.175
2016-04-06,2.175,2.165
2016-04-07,2.165,2.139
2016-04-08,2.139,2.124
2016-04-11,2.124,2.144
2016-04-12,2.144,2.142
2016-04-13,2.142,2.168
2016-04-14,2.168,2.174
2016-04-15,2.174,2.178
2016-04-18,2.178,2.154
2016-04-19,2.154,2.161
2016-04-20,2.161,2.148
2016-04-21,2.148,2.146
2016-04-22,2.146,2.156
2016-04-25,2.156,2.145
2016-04-26,2.145,2.152
2016-04-27,2.152,2.144
2016-04-28,2.144,2.142
2016-04-29,2.142,2.135
2016-05-03,2.135,2.159
2016-05-04,2.159,2.153
2016-05-05,2.153,2.151
2016-05-06,2.151,2.103
2016-05-09,2.103,2.071
2016-05-10,2.071,2.07
2016-05-11,2.07,2.077
2016-05-12,2.077,2.083
2016-05-13,2.083,2.079
2016-05-16,2.079,2.081
2016-05-17,2.081,2.077
2016-05-18,2.077,2.078
2016-05-19,2.078,2.072
2016-05-20,2.072,2.083
2016-05-23,2.083,2.084
2016-05-24,2.084,2.069
2016-05-25,2.069,2.074
2016-05-26,2.074,2.074
2016-05-27,2.074,2.078
2016-05-30,2.078,2.089
2016-05-31,2.089,2.16
2016-06-01,2.16,2.142
2016-06-02,2.142,2.14
2016-06-03,2.14,2.154
2016-06-06,2.154,2.141
2016-06-07,2.141,2.143
2016-06-08,2.143,2.139
2016-06-13,2.139,2.088
2016-06-14,2.088,2.101
2016-06-15,2.101,2.109
2016-06-16,2.109,2.102
2016-06-17,2.102,2.109
2016-06-20,2.109,2.114
2016-06-21,2.114,2.112
2016-06-22,2.112,2.124
2016-06-23,2.124,2.116
2016-06-24,2.116,2.09
2016-06-27,2.09,2.111
2016-06-28,2.111,2.117
2016-06-29,2.117,2.135
2016-06-30,2.135,2.136
2016-07-01,2.136,2.142
2016-07-04,2.142,2.177
2016-07-05,2.177,2.185
2016-07-06,2.185,2.184
2016-07-07,2.184,2.189
2016-07-08,2.189,2.177
2016-07-11,2.177,2.188
2016-07-12,2.188,2.233
2016-07-13,2.233,2.236
2016-07-14,2.236,2.233
2016-07-15,2.233,2.236
2016-07-18,2.236,2.228
2016-07-19,2.228,2.216
2016-07-20,2.216,2.209
2016-07-21,2.209,2.22
2016-07-22,2.22,2.2
2016-07-25,2.2,2.201
2016-07-26,2.201,2.227
2016-07-27,2.227,2.215
2016-07-28,2.215,2.211
2016-07-29,2.211,2.201
2016-08-01,2.201,2.19
2016-08-02,2.19,2.19
2016-08-03,2.19,2.188
2016-08-04,2.188,2.186
2016-08-05,2.186,2.195
2016-08-08,2.195,2.204
2016-08-09,2.204,2.221
2016-08-10,2.221,2.216
2016-08-11,2.216,2.223
2016-08-12,2.223,2.272
2016-08-15,2.272,2.336
2016-08-16,2.336,2.306
2016-08-17,2.306,2.3
2016-08-18,2.3,2.29
2016-08-19,2.29,2.301
2016-08-22,2.301,2.287
2016-08-23,2.287,2.29
2016-08-24,2.29,2.28
2016-08-25,2.28,2.269
2016-08-26,2.269,2.267
2016-08-29,2.267,2.265
2016-08-30,2.265,2.276
2016-08-31,2.276,2.284
2016-09-01,2.284,2.268
2016-09-02,2.268,2.279
2016-09-05,2.279,2.28
2016-09-06,2.28,2.286
2016-09-07,2.286,2.29
2016-09-08,2.29,2.29
2016-09-09,2.29,2.28
2016-09-12,2.28,2.25
2016-09-13,2.25,2.242
2016-09-14,2.242,2.229
2016-09-19,2.229,2.242
2016-09-20,2.242,2.239
2016-09-21,2.239,2.243
2016-09-22,2.243,2.255
2016-09-23,2.255,2.249
2016-09-26,2.249,2.222
2016-09-27,2.222,2.229
2016-09-28,2.229,2.219
2016-09-29,2.219,2.23
2016-09-30,2.23,2.235
2016-10-10,2.235,2.262
2016-10-11,2.262,2.265
2016-10-12,2.265,2.257
2016-10-13,2.257,2.257
2016-10-14,2.257,2.266
2016-10-17,2.266,2.25
2016-10-18,2.25,2.282
2016-10-19,2.282,2.279
2016-10-20,2.279,2.28
2016-10-21,2.28,2.295
2016-10-24,2.295,2.324
2016-10-25,2.324,2.319
2016-10-26,2.319,2.311
2016-10-27,2.311,2.305
2016-10-28,2.305,2.307
2016-10-31,2.307,2.305
2016-11-01,2.305,2.316
2016-11-02,2.316,2.3
2016-11-03,2.3,2.327
2016-11-04,2.327,2.324
2016-11-07,2.324,2.33
2016-11-08,2.33,2.338
2016-11-09,2.338,2.32
2016-11-10,2.32,2.344
2016-11-11,2.344,2.363
2016-11-14,2.363,2.374
2016-11-15,2.374,2.366
2016-11-16,2.366,2.361
2016-11-17,2.361,2.369
2016-11-18,2.369,2.363
2016-11-21,2.363,2.39
2016-11-22,2.39,2.408
2016-11-23,2.408,2.415
2016-11-24,2.415,2.425
2016-11-25,2.425,2.451
2016-11-28,2.451,2.46
2016-11-29,2.4069999692530266,2.446
2016-11-30,2.446,2.419
2016-12-01,2.419,2.433
2016-12-02,2.433,2.416
2016-12-05,2.416,2.373
2016-12-06,2.373,2.368
2016-12-07,2.368,2.375
2016-12-08,2.375,2.38
2016-12-09,2.38,2.413
2016-12-12,2.413,2.386
2016-12-13,2.386,2.371
2016-12-14,2.371,2.36
2016-12-15,2.36,2.308
2016-12-16,2.308,2.301
2016-12-19,2.301,2.293
2016-12-20,2.293,2.281
2016-12-21,2.281,2.298
2016-12-22,2.298,2.292
2016-12-23,2.292,2.279
2016-12-26,2.279,2.298
2016-12-27,2.298,2.289
2016-12-28,2.289,2.278
2016-12-29,2.278,2.278
2016-12-30,2.278,2.287
2017-01-03,2.287,2.307
2017-01-04,2.307,2.325
2017-01-05,2.325,2.322
2017-01-06,2.322,2.314
2017-01-09,2.314,2.319
2017-01-10,2.319,2.313
2017-01-11,2.313,2.303
2017-01-12,2.303,2.296
2017-01-13,2.296,2.31
2017-01-16,2.31,2.339
2017-01-17,2.339,2.329
2017-01-18,2.329,2.344
2017-01-19,2.344,2.334
2017-01-20,2.334,2.349
2017-01-23,2.349,2.348
2017-01-24,2.348,2.354
2017-01-25,2.354,2.357
2017-01-26,2.357,2.366
2017-02-03,2.366,2.342
2017-02-06,2.342,2.343
2017-02-07,2.343,2.335
2017-02-08,2.335,2.348
2017-02-09,2.348,2.354
2017-02-10,2.354,2.366
2017-02-13,2.366,2.378
2017-02-14,2.378,2.37
2017-02-15,2.37,2.369
2017-02-16,2.369,2.372
2017-02-17,2.372,2.361
2017-02-20,2.361,2.395
2017-02-21,2.395,2.393
2017-02-22,2.393,2.396
2017-02-23,2.396,2.387
2017-02-24,2.387,2.385
2017-02-27,2.385,2.367
2017-02-28,2.367,2.368
2017-03-01,2.368,2.368
2017-03-02,2.368,2.353
2017-03-03,2.353,2.343
2017-03-06,2.343,2.349
2017-03-07,2.349,2.354
2017-03-08,2.354,2.355
2017-03-09,2.355,2.343
2017-03-10,2.343,2.335
2017-03-13,2.335,2.355
2017-03-14,2.355,2.351
2017-03-15,2.351,2.354
2017-03-16,2.354,2.369
2017-03-17,2.369,2.343
2017-03-20,2.343,2.347
2017-03-21,2.347,2.353
2017-03-22,2.353,2.336
2017-03-23,2.336,2.344
2017-03-24,2.344,2.364
2017-03-27,2.364,2.36
2017-03-28,2.36,2.354
2017-03-29,2.354,2.352
2017-03-30,2.352,2.343
2017-03-31,2.343,2.356
2017-04-05,2.356,2.382
2017-04-06,2.382,2.384
2017-04-07,2.384,2.384
2017-04-10,2.384,2.377
2017-04-11,2.377,2.378
2017-04-12,2.378,2.374
2017-04-13,2.374,2.367
2017-04-14,2.367,2.35
2017-04-17,2.35,2.353
2017-04-18,2.353,2.338
2017-04-19,2.338,2.322
2017-04-20,2.322,2.331
2017-04-21,2.331,2.341
2017-04-24,2.341,2.336
2017-04-25,2.336,2.342
2017-04-26,2.342,2.339
2017-04-27,2.339,2.344
2017-04-28,2.344,2.34
2017-05-02,2.34,2.332
2017-05-03,2.332,2.325
2017-05-04,2.325,2.32
2017-05-05,2.32,2.313
2017-05-08,2.313,2.318
2017-05-09,2.318,2.315
2017-05-10,2.315,2.321
2017-05-11,2.321,2.334
2017-05-12,2.334,2.37
2017-05-15,2.37,2.374
2017-05-16,2.374,2.379
2017-05-17,2.379,2.358
2017-05-18,2.358,2.35
2017-05-19,2.35,2.355
2017-05-22,2.355,2.373
2017-05-23,2.373,2.403
2017-05-24,2.403,2.399
2017-05-25,2.399,2.47
2017-05-26,2.47,2.466
2017-05-31,2.466,2.475
2017-06-01,2.475,2.49
2017-06-02,2.49,2.47
2017-06-05,2.47,2.442
2017-06-06,2.442,2.457
2017-06-07,2.457,2.48
2017-06-08,2.48,2.501
2017-06-09,2.501,2.517
2017-06-12,2.517,2.514
2017-06-13,2.514,2.512
2017-06-14,2.512,2.482
2017-06-15,2.482,2.465
2017-06-16,2.465,2.46
2017-06-19,2.46,2.497
2017-06-20,2.497,2.483
2017-06-21,2.483,2.509
2017-06-22,2.509,2.524
2017-06-23,2.524,2.543
2017-06-26,2.543,2.554
2017-06-27,2.554,2.564
2017-06-28,2.564,2.548
2017-06-29,2.548,2.565
2017-06-30,2.565,2.558
2017-07-03,2.558,2.543
2017-07-04,2.543,2.52
2017-07-05,2.52,2.563
2017-07-06,2.563,2.567
2017-07-07,2.567,2.561
2017-07-10,2.561,2.575
2017-07-11,2.575,2.604
2017-07-12,2.604,2.597
2017-07-13,2.597,2.638
2017-07-14,2.638,2.665
2017-07-17,2.665,2.669
2017-07-18,2.669,2.659
2017-07-19,2.659,2.702
2017-07-20,2.702,2.71
2017-07-21,2.71,2.68
2017-07-24,2.68,2.7
2017-07-25,2.7,2.683
2017-07-26,2.683,2.677
2017-07-27,2.677,2.677
2017-07-28,2.677,2.68
2017-07-31,2.68,2.682
2017-08-01,2.682,2.724
2017-08-02,2.724,2.728
2017-08-03,2.728,2.689
2017-08-04,2.689,2.671
2017-08-07,2.671,2.679
2017-08-08,2.679,2.682
2017-08-09,2.682,2.664
2017-08-10,2.664,2.655
2017-08-11,2.655,2.613
2017-08-14,2.613,2.635
2017-08-15,2.635,2.651
2017-08-16,2.651,2.64
2017-08-17,2.64,2.652
2017-08-18,2.652,2.664
2017-08-21,2.664,2.663
2017-08-22,2.663,2.689
2017-08-23,2.689,2.708
2017-08-24,2.708,2.698
2017-08-25,2.698,2.757
2017-08-28,2.757,2.788
2017-08-29,2.788,2.789
2017-08-30,2.789,2.774
2017-08-31,2.774,2.766
2017-09-01,2.766,2.76
2017-09-04,2.76,2.764
2017-09-05,2.764,2.782
2017-09-06,2.782,2.764
2017-09-07,2.764,2.743
2017-09-08,2.743,2.738
2017-09-11,2.738,2.73
2017-09-12,2.73,2.746
2017-09-13,2.746,2.739
2017-09-14,2.739,2.722
2017-09-15,2.722,2.722
2017-09-18,2.722,2.729
2017-09-19,2.729,2.72
2017-09-20,2.72,2.717
2017-09-21,2.717,2.728
2017-09-22,2.728,2.729
2017-09-25,2.729,2.729
2017-09-26,2.729,2.731
2017-09-27,2.731,2.711
2017-09-28,2.711,2.715
2017-09-29,2.715,2.726
2017-10-09,2.726,2.75
2017-10-10,2.75,2.746
2017-10-11,2.746,2.762
2017-10-12,2.762,2.773
2017-10-13,2.773,2.771
2017-10-16,2.771,2.781
2017-10-17,2.781,2.779
2017-10-18,2.779,2.802
2017-10-19,2.802,2.806
2017-10-20,2.806,2.79
2017-10-23,2.79,2.791
2017-10-24,2.791,2.806
2017-10-25,2.806,2.802
2017-10-26,2.802,2.827
2017-10-27,2.827,2.873
2017-10-30,2.873,2.861
2017-10-31,2.861,2.851
2017-11-01,2.851,2.842
2017-11-02,2.842,2.847
2017-11-03,2.847,2.851
2017-11-06,2.851,2.843
2017-11-07,2.843,2.875
2017-11-08,2.875,2.874
2017-11-09,2.874,2.885
2017-11-10,2.885,2.918
2017-11-13,2.918,2.928
2017-11-14,2.928,2.913
2017-11-15,2.913,2.901
2017-11-16,2.901,2.932
2017-11-17,2.932,2.99
2017-11-20,2.99,2.996
2017-11-21,2.996,3.046
2017-11-22,3.046,3.067
2017-11-23,3.067,2.991
2017-11-24,2.991,2.99
2017-11-27,2.99,2.966
2017-11-28,2.912000842063787,2.896
2017-11-29,2.896,2.89
2017-11-30,2.89,2.858
2017-12-01,2.858,2.838
2017-12-04,2.838,2.858
2017-12-05,2.858,2.908
2017-12-06,2.908,2.871
2017-12-07,2.871,2.844
2017-12-08,2.844,2.865
2017-12-11,2.865,2.898
2017-12-12,2.898,2.846
2017-12-13,2.846,2.87
2017-12-14,2.87,2.85
2017-12-15,2.85,2.816
2017-12-18,2.816,2.828
2017-12-19,2.828,2.87
2017-12-20,2.87,2.876
2017-12-21,2.876,2.893
2017-12-22,2.893,2.878
2017-12-25,2.878,2.876
2017-12-26,2.876,2.893
2017-12-27,2.893,2.834
2017-12-28,2.834,2.855
2017-12-29,2.855,2.858
2018-01-02,2.858,2.907
2018-01-03,2.907,2.912
2018-01-04,2.912,2.919
2018-01-05,2.919,2.933
2018-01-08,2.933,2.944
2018-01-09,2.944,2.97
2018-01-10,2.97,2.994
2018-01-11,2.994,2.991
2018-01-12,2.991,3.018
2018-01-15,3.018,3.043
2018-01-16,3.043,3.064
2018-01-17,3.064,3.071
2018-01-18,3.071,3.106
2018-01-19,3.106,3.113
2018-01-22,3.113,3.129
2018-01-23,3.129,3.173
2018-01-24,3.173,3.172
2018-01-25,3.172,3.15
2018-01-26,3.15,3.171
2018-01-29,3.171,3.114
2018-01-30,3.114,3.075
2018-01-31,3.075,3.113
2018-02-01,3.113,3.134
2018-02-02,3.134,3.145
2018-02-05,3.145,3.18
2018-02-06,3.18,3.11
2018-02-07,3.11,3.023
2018-02-08,3.023,2.939
2018-02-09,2.939,2.803
2018-02-12,2.803,2.8
2018-02-13,2.8,2.848
2018-02-14,2.848,2.866
2018-02-22,2.866,2.925
2018-02-23,2.925,2.955
2018-02-26,2.955,2.965
2018-02-27,2.965,2.92
2018-02-28,2.92,2.871
2018-03-01,2.871,2.884
2018-03-02,2.884,2.856
2018-03-05,2.856,2.855
2018-03-06,2.855,2.888
2018-03-07,2.888,2.871
2018-03-08,2.871,2.893
2018-03-09,2.893,2.903
2018-03-12,2.903,2.905
2018-03-13,2.905,2.873
2018-03-14,2.873,2.863
2018-03-15,2.863,2.89
2018-03-16,2.89,2.862
2018-03-19,2.862,2.892
2018-03-20,2.892,2.895
2018-03-21,2.895,2.884
2018-03-22,2.884,2.857
2018-03-23,2.857,2.781
2018-03-26,2.781,2.734
2018-03-27,2.734,2.739
2018-03-28,2.739,2.688
2018-03-29,2.688,2.734
2018-03-30,2.734,2.713
2018-04-02,2.713,2.702
2018-04-03,2.702,2.693
2018-04-04,2.693,2.694
2018-04-09,2.694,2.711
2018-04-10,2.711,2.775
2018-04-11,2.775,2.775
2018-04-12,2.775,2.742
2018-04-13,2.742,2.717
2018-04-16,2.717,2.655
2018-04-17,2.655,2.626
2018-04-18,2.626,2.643
2018-04-19,2.643,2.676
2018-04-20,2.676,2.637
2018-04-23,2.637,2.658
2018-04-24,2.658,2.718
2018-04-25,2.718,2.693
2018-04-26,2.693,2.655
2018-04-27,2.655,2.642
2018-05-02,2.642,2.646
2018-05-03,2.646,2.654
2018-05-04,2.654,2.634
2018-05-07,2.634,2.674
2018-05-08,2.674,2.714
2018-05-09,2.714,2.711
2018-05-10,2.711,2.723
2018-05-11,2.723,2.716
2018-05-14,2.716,2.745
2018-05-15,2.745,2.74
2018-05-16,2.74,2.705
2018-05-17,2.705,2.689
2018-05-18,2.689,2.733
2018-05-21,2.733,2.736
2018-05-22,2.736,2.717
2018-05-23,2.717,2.672
2018-05-24,2.672,2.655
2018-05-25,2.655,2.654
2018-05-28,2.654,2.668
2018-05-29,2.668,2.655
2018-05-30,2.655,2.601
2018-05-31,2.601,2.651
2018-06-01,2.651,2.643
2018-06-04,2.643,2.686
2018-06-05,2.686,2.696
2018-06-06,2.696,2.686
2018-06-07,2.686,2.694
2018-06-08,2.694,2.652
2018-06-11,2.652,2.663
2018-06-12,2.663,2.688
2018-06-13,2.688,2.672
2018-06-14,2.672,2.675
2018-06-15,2.675,2.678
2018-06-19,2.678,2.612
2018-06-20,2.612,2.61
2018-06-21,2.61,2.592
2018-06-22,2.592,2.598
2018-06-25,2.598,2.548
2018-06-26,2.548,2.52
2018-06-27,2.52,2.465
2018-06-28,2.465,2.441
2018-06-29,2.441,2.495
2018-07-02,2.495,2.402
2018-07-03,2.402,2.41
2018-07-04,2.41,2.39
2018-07-05,2.39,2.391
2018-07-06,2.391,2.425
2018-07-09,2.425,2.496
2018-07-10,2.496,2.493
2018-07-11,2.493,2.454
2018-07-12,2.454,2.505
2018-07-13,2.505,2.509
2018-07-16,2.509,2.49
2018-07-17,2.49,2.475
2018-07-18,2.475,2.463
2018-07-19,2.463,2.474
2018-07-20,2.474,2.54
2018-07-23,2.54,2.569
2018-07-24,2.569,2.61
2018-07-25,2.61,2.609
2018-07-26,2.609,2.575
2018-07-27,2.575,2.575
2018-07-30,2.575,2.587
2018-07-31,2.587,2.595
2018-08-01,2.595,2.537
2018-08-02,2.537,2.484
2018-08-03,2.484,2.457
2018-08-06,2.457,2.455
2018-08-07,2.455,2.53
2018-08-08,2.53,2.494
2018-08-09,2.494,2.551
2018-08-10,2.551,2.551
2018-08-13,2.551,2.526
2018-08-14,2.526,2.518
2018-08-15,2.518,2.454
2018-08-16,2.454,2.453
2018-08-17,2.453,2.42
2018-08-20,2.42,2.458
2018-08-21,2.458,2.496
2018-08-22,2.496,2.499
2018-08-23,2.499,2.509
2018-08-24,2.509,2.523
2018-08-27,2.523,2.571
2018-08-28,2.571,2.56
2018-08-29,2.56,2.553
2018-08-30,2.553,2.533
2018-08-31,2.533,2.521
2018-09-03,2.521,2.512
2018-09-04,2.512,2.55
2018-09-05,2.55,2.487
2018-09-06,2.487,2.466
2018-09-07,2.466,2.491
2018-09-10,2.491,2.466
2018-09-11,2.466,2.449
2018-09-12,2.449,2.432
2018-09-13,2.432,2.466
2018-09-14,2.466,2.475
2018-09-17,2.475,2.452
2018-09-18,2.452,2.513
2018-09-19,2.513,2.538
2018-09-20,2.538,2.541
2018-09-21,2.541,2.632
2018-09-25,2.632,2.6
2018-09-26,2.6,2.638
2018-09-27,2.638,2.628
2018-09-28,2.628,2.659
2018-10-08,2.659,2.533
2018-10-09,2.533,2.545
2018-10-10,2.545,2.545
2018-10-11,2.545,2.439
2018-10-12,2.439,2.494
2018-10-15,2.494,2.463
2018-10-16,2.463,2.467
2018-10-17,2.467,2.477
2018-10-18,2.477,2.419
2018-10-19,2.419,2.491
2018-10-22,2.491,2.599
2018-10-23,2.599,2.511
2018-10-24,2.511,2.525
2018-10-25,2.525,2.531
2018-10-26,2.531,2.516
2018-10-29,2.516,2.431
2018-10-30,2.431,2.463
2018-10-31,2.463,2.496
2018-11-01,2.496,2.507
2018-11-02,2.507,2.594
2018-11-05,2.594,2.558
2018-11-06,2.558,2.546
2018-11-07,2.546,2.528
2018-11-08,2.528,2.537
2018-11-09,2.537,2.48
2018-11-12,2.48,2.49
2018-11-13,2.49,2.509
2018-11-14,2.509,2.475
2018-11-15,2.475,2.505
2018-11-16,2.505,2.507
2018-11-19,2.507,2.54
2018-11-20,2.54,2.498
2018-11-21,2.498,2.497
2018-11-22,2.497,2.483
2018-11-23,2.483,2.442
2018-11-26,2.442,2.45
2018-11-27,2.45,2.439
2018-11-28,2.439,2.466
2018-11-29,2.466,2.453
2018-11-30,2.453,2.474
2018-12-03,2.424999601323109,2.482
2018-12-04,2.482,2.49
2018-12-05,2.49,2.479
2018-12-06,2.479,2.433
2018-12-07,2.433,2.425
2018-12-10,2.425,2.408
2018-12-11,2.408,2.413
2018-12-12,2.413,2.419
2018-12-13,2.419,2.453
2018-12-14,2.453,2.423
2018-12-17,2.423,2.42
2018-12-18,2.42,2.391
2018-12-19,2.391,2.365
2018-12-20,2.365,2.331
2018-12-21,2.331,2.302
2018-12-24,2.302,2.304
2018-12-25,2.304,2.292
2018-12-26,2.292,2.275
2018-12-27,2.275,2.275
2018-12-28,2.275,2.286
2019-01-02,2.286,2.255
2019-01-03,2.255,2.261
2019-01-04,2.261,2.31
2019-01-07,2.31,2.307
2019-01-08,2.307,2.3
2019-01-09,2.3,2.325
2019-01-10,2.325,2.328
2019-01-11,2.328,2.347
2019-01-14,2.347,2.325
2019-01-15,2.325,2.37
2019-01-16,2.37,2.374
2019-01-17,2.374,2.365
2019-01-18,2.365,2.409
2019-01-21,2.409,2.424
2019-01-22,2.424,2.396
2019-01-23,2.396,2.392
2019-01-24,2.392,2.403
2019-01-25,2.403,2.433
2019-01-28,2.433,2.43
2019-01-29,2.43,2.448
2019-01-30,2.448,2.437
2019-01-31,2.437,2.474
2019-02-01,2.474,2.492
2019-02-11,2.492,2.516
2019-02-12,2.516,2.524
2019-02-13,2.524,2.571
2019-02-14,2.571,2.567
2019-02-15,2.567,2.511
2019-02-18,2.511,2.571
2019-02-19,2.571,2.567
2019-02-20,2.567,2.577
2019-02-21,2.577,2.566
2019-02-22,2.566,2.618
2019-02-25,2.618,2.816
2019-02-26,2.816,2.728
2019-02-27,2.728,2.736
2019-02-28,2.736,2.736
2019-03-01,2.736,2.802
2019-03-04,2.802,2.815
2019-03-05,2.815,2.813
2019-03-06,2.813,2.82
2019-03-07,2.82,2.773
2019-03-08,2.773,2.675
2019-03-11,2.675,2.69
2019-03-12,2.69,2.701
2019-03-13,2.701,2.706
2019-03-14,2.706,2.71
2019-03-15,2.71,2.74
2019-03-18,2.74,2.812
2019-03-19,2.812,2.79
2019-03-20,2.79,2.794
2019-03-21,2.794,2.784
2019-03-22,2.784,2.777
2019-03-25,2.777,2.702
2019-03-26,2.702,2.692
2019-03-27,2.692,2.723
2019-03-28,2.723,2.718
2019-03-29,2.718,2.819
2019-04-01,2.819,2.874
2019-04-02,2.874,2.872
2019-04-03,2.872,2.901
2019-04-04,2.901,2.939
2019-04-08,2.939,2.943
2019-04-09,2.943,2.949
2019-04-10,2.949,2.964
2019-04-11,2.964,2.912
2019-04-12,2.912,2.906
2019-04-15,2.906,2.906
2019-04-16,2.906,3.008
2019-04-17,3.008,2.997
2019-04-18,2.997,2.987
2019-04-19,2.987,3.024
2019-04-22,3.024,2.958
2019-04-23,2.958,2.963
2019-04-24,2.963,2.958
2019-04-25,2.958,2.913
2019-04-26,2.913,2.88
2019-04-29,2.88,2.921
2019-04-30,2.921,2.928
2019-05-06,2.928,2.787
2019-05-07,2.787,2.79
2019-05-08,2.79,2.745
2019-05-09,2.745,2.686
2019-05-10,2.686,2.777
2019-05-13,2.777,2.725
2019-05-14,2.725,2.708
2019-05-15,2.708,2.765
2019-05-16,2.765,2.774
2019-05-17,2.774,2.723
2019-05-20,2.723,2.699
2019-05-21,2.699,2.722
2019-05-22,2.722,2.709
2019-05-23,2.709,2.677
2019-05-24,2.677,2.691
2019-05-27,2.691,2.714
2019-05-28,2.714,2.733
2019-05-29,2.733,2.748
2019-05-30,2.748,2.737
2019-05-31,2.737,2.728
2019-06-03,2.728,2.74
2019-06-04,2.74,2.722
2019-06-05,2.722,2.718
2019-06-06,2.718,2.704
2019-06-10,2.704,2.739
2019-06-11,2.739,2.814
2019-06-12,2.814,2.802
2019-06-13,2.802,2.796
2019-06-14,2.796,2.79
2019-06-17,2.79,2.799
2019-06-18,2.799,2.81
2019-06-19,2.81,2.856
2019-06-20,2.856,2.954
2019-06-21,2.954,2.953
2019-06-24,2.953,2.959
2019-06-25,2.959,2.919
2019-06-26,2.919,2.916
2019-06-27,2.916,2.955
2019-06-28,2.955,2.952
2019-07-01,2.952,3.02
2019-07-02,3.02,3.016
2019-07-03,3.016,2.987
2019-07-04,2.987,2.976
2019-07-05,2.976,2.987
2019-07-08,2.987,2.924
2019-07-09,2.924,2.914
2019-07-10,2.914,2.912
2019-07-11,2.912,2.922
2019-07-12,2.922,2.943
2019-07-15,2.943,2.942
2019-07-16,2.942,2.925
2019-07-17,2.925,2.916
2019-07-18,2.916,2.905
2019-07-19,2.905,2.94
2019-07-22,2.94,2.922
2019-07-23,2.922,2.923
2019-07-24,2.923,2.952
2019-07-25,2.952,2.977
2019-07-26,2.977,2.982
2019-07-29,2.982,2.978
2019-07-30,2.978,2.988
2019-07-31,2.988,2.96
2019-08-01,2.96,2.935
2019-08-02,2.935,2.89
2019-08-05,2.89,2.835
2019-08-06,2.835,2.805
2019-08-07,2.805,2.791
2019-08-08,2.791,2.831
2019-08-09,2.831,2.82
2019-08-12,2.82,2.869
2019-08-13,2.869,2.84
2019-08-14,2.84,2.849
2019-08-15,2.849,2.858
2019-08-16,2.858,2.87
2019-08-19,2.87,2.927
2019-08-20,2.927,2.921
2019-08-21,2.921,2.919
2019-08-22,2.919,2.923
2019-08-23,2.923,2.963
2019-08-26,2.963,2.914
2019-08-27,2.914,2.934
2019-08-28,2.934,2.912
2019-08-29,2.912,2.901
2019-08-30,2.901,2.916
2019-09-02,2.916,2.94
2019-09-03,2.94,2.939
2019-09-04,2.939,2.973
2019-09-05,2.973,3.004
2019-09-06,3.004,3.037
2019-09-09,3.037,3.032
2019-09-10,3.032,3.021
2019-09-11,3.021,3.007
2019-09-12,3.007,3.047
2019-09-16,3.047,3.034
2019-09-17,3.034,2.987
2019-09-18,2.987,3.003
2019-09-19,3.003,3.007
2019-09-20,3.007,3.013
2019-09-23,3.013,2.981
2019-09-24,2.981,2.987
2019-09-25,2.987,2.977
2019-09-26,2.977,2.978
2019-09-27,2.978,2.978
2019-09-30,2.978,2.945
2019-10-08,2.945,2.968
2019-10-09,2.968,2.971
2019-10-10,2.971,2.987
2019-10-11,2.987,3.032
2019-10-14,3.032,3.061
2019-10-15,3.061,3.062
2019-10-16,3.062,3.051
2019-10-17,3.051,3.059
2019-10-18,3.059,3.014
2019-10-21,3.014,3.016
2019-10-22,3.016,3.019
2019-10-23,3.019,3.0
2019-10-24,3.0,3.008
2019-10-25,3.008,3.014
2019-10-28,3.014,3.028
2019-10-29,3.028,3.016
2019-10-30,3.016,2.999
2019-10-31,2.999,3.003
2019-11-01,3.003,3.052
2019-11-04,3.052,3.069
2019-11-05,3.069,3.086
2019-11-06,3.086,3.079
2019-11-07,3.079,3.079
2019-11-08,3.079,3.06
2019-11-11,3.06,3.013
2019-11-12,3.013,3.017
2019-11-13,3.017,3.015
2019-11-14,3.015,3.013
2019-11-15,3.013,3.003
2019-11-18,3.003,3.027
2019-11-19,3.027,3.046
2019-11-20,3.046,3.013
2019-11-21,3.013,2.995
2019-11-22,2.995,2.967
2019-11-25,2.967,2.994
2019-11-26,2.994,2.993
2019-11-27,2.993,2.988
2019-11-28,2.988,2.978
2019-11-29,2.978,2.938
2019-12-02,2.891001040512564,2.897
2019-12-03,2.897,2.907
2019-12-04,2.907,2.901
2019-12-05,2.901,2.919
2019-12-06,2.919,2.936
2019-12-09,2.936,2.931
2019-12-10,2.931,2.933
2019-12-11,2.933,2.947
2019-12-12,2.947,2.937
2019-12-13,2.937,3.0
2019-12-16,3.0,2.993
2019-12-17,2.993,3.025
2019-12-18,3.025,3.017
2019-12-19,3.017,3.01
2019-12-20,3.01,3.005
2019-12-23,3.005,2.979
2019-12-24,2.979,2.988
2019-12-25,2.988,2.98
2019-12-26,2.98,3.002
2019-12-27,3.002,3.009
2019-12-30,3.009,3.051
2019-12-31,3.051,3.058
2020-01-02,3.058,3.081
2020-01-03,3.081,3.068
2020-01-06,3.068,3.05
2020-01-07,3.05,3.062
2020-01-08,3.062,3.033
2020-01-09,3.033,3.057
2020-01-10,3.057,3.061
2020-01-13,3.061,3.08
2020-01-14,3.0800000000000005,3.076
2020-01-15,3.076,3.046
2020-01-16,3.046,3.036
2020-01-17,3.036,3.042
2020-01-20,3.042,3.058
2020-01-21,3.058,3.007
2020-01-22,3.007,3.006
2020-01-23,3.006,2.925
2020-02-03,2.925,2.707
2020-02-04,2.707,2.785
2020-02-05,2.785,2.801
2020-02-06,2.801,2.842
2020-02-07,2.842,2.841
2020-02-10,2.841,2.839
2020-02-11,2.839,2.87
2020-02-12,2.87,2.883
2020-02-13,2.883,2.869
2020-02-14,2.869,2.885
2020-02-17,2.885,2.939
2020-02-18,2.939,2.913
2020-02-19,2.913,2.913
2020-02-20,2.913,2.967
2020-02-21,2.967,2.958
2020-02-24,2.958,2.924
2020-02-25,2.924,2.899
2020-02-26,2.899,2.894
2020-02-27,2.894,2.898
2020-02-28,2.898,2.814
2020-03-02,2.814,2.899
2020-03-03,2.899,2.907
2020-03-04,2.907,2.939
2020-03-05,2.939,3.004
2020-03-06,3.004,2.951
2020-03-09,2.951,2.861
2020-03-10,2.861,2.911
2020-03-11,2.911,2.874
2020-03-12,2.874,2.836
2020-03-13,2.836,2.796
2020-03-16,2.796,2.687
2020-03-17,2.687,2.675
2020-03-18,2.675,2.618
2020-03-19,2.618,2.564
2020-03-20,2.564,2.624
2020-03-23,2.624,2.553
2020-03-24,2.553,2.627
2020-03-25,2.627,2.687
2020-03-26,2.687,2.677
2020-03-27,2.677,2.692
2020-03-30,2.692,2.68
2020-03-31,2.68,2.675
2020-04-01,2.675,2.671
2020-04-02,2.671,2.706
2020-04-03,2.706,2.694
2020-04-07,2.694,2.743
2020-04-08,2.743,2.73
2020-04-09,2.73,2.739
2020-04-10,2.739,2.738
2020-04-13,2.738,2.726
2020-04-14,2.726,2.771
2020-04-15,2.771,2.751
2020-04-16,2.751,2.753
2020-04-17,2.753,2.793
2020-04-20,2.793,2.803
2020-04-21,2.803,2.771
2020-04-22,2.771,2.79
2020-04-23,2.79,2.787
2020-04-24,2.787,2.765
2020-04-27,2.765,2.79
2020-04-28,2.79,2.81
2020-04-29,2.81,2.829
2020-04-30,2.829,2.852
2020-05-06,2.852,2.848
2020-05-07,2.848,2.843
2020-05-08,2.843,2.863
2020-05-11,2.863,2.863
2020-05-12,2.863,2.86
2020-05-13,2.86,2.86
2020-05-14,2.86,2.831
2020-05-15,2.831,2.812
2020-05-18,2.812,2.833
2020-05-19,2.833,2.852
2020-05-20,2.852,2.849
2020-05-21,2.849,2.838
2020-05-22,2.838,2.768
2020-05-25,2.768,2.78
2020-05-26,2.78,2.802
2020-05-27,2.802,2.792
2020-05-28,2.792,2.801
2020-05-29,2.801,2.802
2020-06-01,2.802,2.864
2020-06-02,2.864,2.879
2020-06-03,2.879,2.884
2020-06-04,2.884,2.878
2020-06-05,2.878,2.892
2020-06-08,2.892,2.905
2020-06-09,2.905,2.923
2020-06-10,2.923,2.908
2020-06-11,2.908,2.878
2020-06-12,2.878,2.891
2020-06-15,2.891,2.847
2020-06-16,2.847,2.877
2020-06-17,2.877,2.881
2020-06-18,2.881,2.895
2020-06-19,2.895,2.927
2020-06-22,2.927,2.924
2020-06-23,2.924,2.93
2020-06-24,2.93,2.958
2020-06-29,2.958,2.937
2020-06-30,2.937,2.956
2020-07-01,2.956,3.027
2020-07-02,3.027,3.103
2020-07-03,3.103,3.187
2020-07-06,3.187,3.469
2020-07-07,3.469,3.402
2020-07-08,3.402,3.447
2020-07-09,3.447,3.459
2020-07-10,3.4590000000000005,3.373
2020-07-13,3.3729999999999998,3.416
2020-07-14,3.416,3.38
2020-07-15,3.38,3.35
2020-07-16,3.35,3.206
2020-07-17,3.206,3.229
2020-07-20,3.2290000000000005,3.331
2020-07-21,3.331,3.329
2020-07-22,3.3289999999999997,3.334
2020-07-23,3.334,3.331
2020-07-24,3.331,3.2
2020-07-27,3.2,3.211
2020-07-28,3.2109999999999994,3.231
2020-07-29,3.231,3.291
2020-07-30,3.2909999999999995,3.277
2020-07-31,3.277,3.295
2020-08-03,3.295,3.328
2020-08-04,3.328,3.359
2020-08-05,3.359,3.336
2020-08-06,3.336,3.338
2020-08-07,3.338,3.308
2020-08-10,3.308,3.333
2020-08-11,3.333,3.307
2020-08-12,3.3070000000000004,3.297
2020-08-13,3.297,3.286
2020-08-14,3.286,3.343
2020-08-17,3.3430000000000004,3.418
2020-08-18,3.418,3.413
2020-08-19,3.4129999999999994,3.351
2020-08-20,3.3510000000000004,3.312
2020-08-21,3.312,3.336
2020-08-24,3.336,3.346
2020-08-25,3.3459999999999996,3.359
2020-08-26,3.359,3.323
2020-08-27,3.323,3.342
2020-08-28,3.342,3.424
2020-08-31,3.424,3.395
2020-09-01,3.395,3.404
2020-09-02,3.4040000000000004,3.395
2020-09-03,3.395,3.387
2020-09-04,3.3870000000000005,3.356
2020-09-07,3.356,3.301
2020-09-08,3.3010000000000006,3.336
2020-09-09,3.336,3.285
2020-09-10,3.2849999999999997,3.296
2020-09-11,3.2960000000000003,3.313
2020-09-14,3.313,3.341
2020-09-15,3.341,3.367
2020-09-16,3.367,3.346
2020-09-17,3.3459999999999996,3.314
2020-09-18,3.314,3.406
2020-09-21,3.4060000000000006,3.362
2020-09-22,3.3620000000000005,3.322
2020-09-23,3.322,3.325
2020-09-24,3.325,3.271
2020-09-25,3.2710000000000004,3.282
2020-09-28,3.2820000000000005,3.302
2020-09-29,3.302,3.295
2020-09-30,3.295,3.281
2020-10-09,3.281,3.337
2020-10-12,3.3370000000000006,3.442
2020-10-13,3.4420000000000006,3.437
2020-10-14,3.4370000000000003,3.424
2020-10-15,3.424,3.425
2020-10-16,3.425,3.432
2020-10-19,3.4319999999999995,3.409
2020-10-20,3.409,3.412
2020-10-21,3.4120000000000004,3.433
2020-10-22,3.433,3.42
2020-10-23,3.42,3.408
2020-10-26,3.408,3.354
2020-10-27,3.3539999999999996,3.346
2020-10-28,3.3459999999999996,3.364
2020-10-29,3.364,3.383
2020-10-30,3.383,3.329
2020-11-02,3.3289999999999997,3.317
2020-11-03,3.317,3.355
2020-11-04,3.355,3.38
2020-11-05,3.38,3.418
2020-11-06,3.418,3.408
2020-11-09,3.408,3.468
2020-11-10,3.4679999999999995,3.466
2020-11-11,3.466,3.464
2020-11-12,3.464,3.447
2020-11-13,3.447,3.388
2020-11-16,3.388,3.429
2020-11-17,3.4290000000000003,3.43
2020-11-18,3.43,3.435
2020-11-19,3.435,3.46
2020-11-20,3.46,3.465
2020-11-23,3.4650000000000003,3.521
2020-11-24,3.521,3.493
2020-11-25,3.4929999999999994,3.468
2020-11-26,3.4679999999999995,3.497
2020-11-27,3.497,3.557
2020-11-30,3.506000012083579,3.473
2020-12-01,3.473,3.557
2020-12-02,3.557,3.545
2020-12-03,3.545,3.538
2020-12-04,3.538,3.543
2020-12-07,3.543,3.511
2020-12-08,3.5110000000000006,3.499
2020-12-09,3.499,3.47
2020-12-10,3.4700000000000006,3.456
2020-12-11,3.456,3.429
2020-12-14,3.429,3.461
2020-12-15,3.4609999999999994,3.464
2020-12-16,3.4640000000000004,3.482
2020-12-17,3.482,3.537
2020-12-18,3.537,3.505
2020-12-21,3.5049999999999994,3.513
2020-12-22,3.513,3.464
2020-12-23,3.4640000000000004,3.491
2020-12-24,3.4910000000000005,3.485
2020-12-25,3.4850000000000003,3.509
2020-12-28,3.5090000000000003,3.519
2020-12-29,3.519,3.512
2020-12-30,3.5120000000000005,3.563
2020-12-31,3.563,3.634
2021-01-04,3.6339999999999995,3.632
2021-01-05,3.632,3.671
2021-01-06,3.671,3.726
2021-01-07,3.7259999999999995,3.803
2021-01-08,3.803,3.782
2021-01-11,3.782,3.765
2021-01-12,3.765,3.899
2021-01-13,3.8989999999999996,3.862
2021-01-14,3.8620000000000005,3.802
2021-01-15,3.802,3.805
2021-01-18,3.805,3.837
2021-01-19,3.8369999999999997,3.797
2021-01-20,3.7970000000000006,3.8
2021-01-21,3.8,3.84
2021-01-22,3.84,3.833
2021-01-25,3.833,3.89
2021-01-26,3.89,3.8
2021-01-27,3.8,3.806
2021-01-28,3.806,3.731
2021-01-29,3.731,3.704
2021-02-01,3.704,3.731
2021-02-02,3.731,3.752
2021-02-03,3.752,3.764
2021-02-04,3.7639999999999993,3.787
2021-02-05,3.787,3.834
2021-02-08,3.8339999999999996,3.875
2021-02-09,3.875,3.939
2021-02-10,3.939,4.012
2021-02-18,4.012,4.007
2021-02-19,4.007,3.998
2021-02-22,3.998,3.873
2021-02-23,3.873,3.886
2021-02-24,3.886,3.788
2021-02-25,3.7879999999999994,3.843
2021-02-26,3.843,3.743
2021-03-01,3.7429999999999994,3.773
2021-03-02,3.7730000000000006,3.707
2021-03-03,3.707,3.804
2021-03-04,3.804,3.698
2021-03-05,3.698,3.678
2021-03-08,3.678,3.561
2021-03-09,3.561,3.505
2021-03-10,3.5049999999999994,3.523
2021-03-11,3.523,3.614
2021-03-12,3.6139999999999994,3.617
2021-03-15,3.6169999999999995,3.558
2021-03-16,3.558,3.582
2021-03-17,3.582,3.576
2021-03-18,3.5760000000000005,3.591
2021-03-19,3.591,3.496
2021-03-22,3.496,3.523
2021-03-23,3.523,3.504
2021-03-24,3.504,3.454
2021-03-25,3.454,3.452
2021-03-26,3.452,3.514
2021-03-29,3.514,3.521
2021-03-30,3.521,3.561
2021-03-31,3.561,3.527
2021-04-01,3.527,3.567
2021-04-02,3.567,3.601
2021-04-06,3.601,3.578
2021-04-07,3.578,3.542
2021-04-08,3.542,3.558
2021-04-09,3.558,3.506
2021-04-12,3.5060000000000002,3.468
2021-04-13,3.468,3.45
2021-04-14,3.45,3.456
2021-04-15,3.456,3.419
2021-04-16,3.4189999999999996,3.434
2021-04-19,3.434,3.5
2021-04-20,3.5,3.492
2021-04-21,3.492,3.498
2021-04-22,3.498,3.481
2021-04-23,3.4809999999999994,3.514
2021-04-26,3.514,3.458
2021-04-27,3.458,3.466
2021-04-28,3.4659999999999997,3.467
2021-04-29,3.4670000000000005,3.513
2021-04-30,3.513,3.482
2021-05-06,3.482,3.444
2021-05-07,3.4440000000000004,3.399
2021-05-10,3.3989999999999996,3.399
2021-05-11,3.3989999999999996,3.429
2021-05-12,3.429,3.442
2021-05-13,3.4419999999999997,3.407
2021-05-14,3.407,3.498
2021-05-17,3.498,3.53
2021-05-18,3.5300000000000002,3.528
2021-05-19,3.5279999999999996,3.504
2021-05-20,3.504,3.516
2021-05-21,3.516,3.475
2021-05-24,3.475,3.489
2021-05-25,3.489,3.635
2021-05-26,3.6349999999999993,3.648
2021-05-27,3.648,3.658
2021-05-28,3.6579999999999995,3.651
2021-05-31,3.651,3.639
2021-06-01,3.6390000000000002,3.64
2021-06-02,3.6399999999999997,3.613
2021-06-03,3.613,3.584
2021-06-04,3.584,3.601
2021-06-07,3.601,3.593
2021-06-08,3.5929999999999995,3.572
2021-06-09,3.5719999999999996,3.582
2021-06-10,3.582,3.601
2021-06-11,3.601,3.571
2021-06-15,3.571,3.522
2021-06-16,3.522,3.486
2021-06-17,3.486,3.479
2021-06-18,3.479,3.455
2021-06-21,3.455,3.435
2021-06-22,3.435,3.464
2021-06-23,3.4640000000000004,3.469
2021-06-24,3.469,3.488
2021-06-25,3.4880000000000004,3.541
2021-06-28,3.541,3.527
2021-06-29,3.527,3.497
2021-06-30,3.497,3.515
2021-07-01,3.515,3.548
2021-07-02,3.548,3.423
2021-07-05,3.4230000000000005,3.42
2021-07-06,3.4200000000000004,3.431
2021-07-07,3.431,3.442
2021-07-08,3.4419999999999997,3.395
2021-07-09,3.395,3.382
2021-07-12,3.3820000000000006,3.41
2021-07-13,3.41,3.421
2021-07-14,3.4210000000000003,3.368
2021-07-15,3.368,3.44
2021-07-16,3.4399999999999995,3.403
2021-07-19,3.4030000000000005,3.416
2021-07-20,3.4159999999999995,3.408
2021-07-21,3.408,3.421
2021-07-22,3.4210000000000003,3.425
2021-07-23,3.425,3.388
2021-07-26,3.388,3.259
2021-07-27,3.259,3.156
2021-07-28,3.156,3.183
2021-07-29,3.183,3.212
2021-07-30,3.212,3.163
2021-08-02,3.163,3.242
2021-08-03,3.242,3.254
2021-08-04,3.254,3.264
2021-08-05,3.2639999999999993,3.258
2021-08-06,3.258,3.232
2021-08-09,3.232,3.268
2021-08-10,3.2680000000000002,3.322
2021-08-11,3.322,3.295
2021-08-12,3.295,3.261
2021-08-13,3.261,3.254
2021-08-16,3.254,3.262
2021-08-17,3.262,3.182
2021-08-18,3.1820000000000004,3.224
2021-08-19,3.2239999999999998,3.178
2021-08-20,3.1779999999999995,3.108
2021-08-23,3.108,3.136
2021-08-24,3.1359999999999997,3.185
2021-08-25,3.185,3.197
2021-08-26,3.197,3.128
2021-08-27,3.128,3.159
2021-08-30,3.159,3.149
2021-08-31,3.149,3.138
